SITE2021,Site2021_2,Occupancy,HighestSig,LastSurvey,Site2021NA,SITE2021_3,Site2021_1,Occupancy2021,HighestS_1,LastSurv_1,Site2021_4,Shape_Leng,Shape_Area,TalID,ShapeInd,JulyMax,JanMin,PrcpAnn,PrcpSeas,AET,PET,CWD,HeatLoad,Elev,Slope,Rugged,TPI990m,PTalus
152,152,UNOCCUPIED,PU,2015,Site2021_152,152,152,UNOCCUPIED,PU,2015,Site2021_152,30,50,144150,1.060660172,26.27000046,-7.28000021,302.4119873,0.402898014,309.4570007,520.2789917,210.8220062,1.009629965,1932,18.1583004,0.000125051,9.049559593,0.0176511
206,206,UNOCCUPIED,OH,2015,Site2021_206,206,206,UNOCCUPIED,OH,2015,Site2021_206,30,50,174228,1.060660172,27.19000053,-7.050000191,283.0700073,0.390781999,322.2330017,461.2449951,138.996994,0.856079996,1855,14.12950039,9.63211E-05,1.014649987,0.00848463
276,276,UNOCCUPIED,OS,2021,Site2021_276,276,276,UNOCCUPIED,OS,2021,Site2021_276,30,50,53142,1.060660172,26.60000038,-7.21999979,401.5150146,0.481460989,314.8469849,480.2449951,156.7779999,0.93293798,1996,14.05500031,2.28882E-05,10.01749992,0.0175753
339,339,UNOCCUPIED,OH,2021,Site2021_339,339,339,UNOCCUPIED,OH,2021,Site2021_339,30,50,116014,1.060660172,26.77000046,-7.820000172,334.493988,0.414638013,277.848999,483.4219971,164.6679993,0.909420013,1939,18.99340057,7.08699E-05,-8.673100472,0.00558067
418,418,UNOCCUPIED,PU,2015,Site2021_418,418,418,UNOCCUPIED,PU,2015,Site2021_418,30,50,200902,1.060660172,25.86000061,-7.619999886,345.946991,0.407061994,296.5820007,479.9330139,183.3509979,0.92117101,2108,15.50339985,0.000712395,73.16529846,0.0047221
172,172,UNOCCUPIED,OH,2019,Site2021_172,172,172,UNOCCUPIED,OH,2019,Site2021_172,40,75,169987,1.154700538,26.52000046,-6.840000153,295.7780151,0.393119991,337.2909851,501.0350037,163.7440033,0.959599018,1958,11.19929981,0.000181735,7.0927701,0.0173733
322,322,UNOCCUPIED,OH,2019,Site2021_322,322,322,UNOCCUPIED,OH,2019,Site2021_322,40,75,131200,1.154700538,25.82999992,-7.800000191,331.2529907,0.40949899,246.8990021,463.256012,217.2389984,0.901521981,2045,12.64669991,0.000127256,12.53439999,0.00840888
582,582,UNOCCUPIED,OS,2018,Site2021_582,582,582,UNOCCUPIED,OS,2018,Site2021_582,40,75,279674,1.154700538,26.31999969,-6.900000095,272.1390076,0.381327987,246.9609985,486.2160034,239.2539978,0.94897598,1885,8.485239983,0.000031352,-18.63089943,0.0607055
785,785,UNOCCUPIED,PU,2015,Site2021_785,785,785,UNOCCUPIED,PU,2015,Site2021_785,40,75,254115,1.154700538,27.27000046,-6.510000229,271.9119873,0.421050012,276.2210083,516.1119995,239.8910065,0.95282203,1840,8.28042984,6.38962E-05,-0.416869998,0.0157824
411,411,OCCUPIED,FS,2018,Site2021_411,411,411,OCCUPIED,FS,2018,Site2021_411,50,100,131339,1.25,25.92000008,-7.769999981,333.5499878,0.408859015,250.0700073,488.0369873,237.9669952,0.949746013,2016,11.24279976,0.000332415,22.25810051,0.00906543
424,424,UNOCCUPIED,OH,2021,Site2021_424,424,424,UNOCCUPIED,OH,2021,Site2021_424,50,125,203972,1.118033989,26.76000023,-7.21999979,319.3850098,0.409978002,273.2829895,458.9989929,185.7160034,0.855702996,2029,21.57900047,0.000681996,50.89070129,0.00646448
435,435,UNOCCUPIED,OS,2015,Site2021_435,435,435,UNOCCUPIED,OS,2015,Site2021_435,50,125,205714,1.118033989,26,-7.539999962,326.7940063,0.406648993,257.5599976,419.4809875,161.9210052,0.81200403,1953,21.68309975,0.00114918,2.953130007,0.00684326
442,442,UNOCCUPIED,PU,2015,Site2021_442,442,442,UNOCCUPIED,PU,2015,Site2021_442,50,100,230870,1.25,27.63999939,-7.070000172,283.2099915,0.418545008,266.2770081,476.2680054,209.9909973,0.863049984,1845,26.35040092,0.00135273,47.10100174,0.00749981
511,511,UNOCCUPIED,OH,2018,Site2021_511,511,511,UNOCCUPIED,OH,2018,Site2021_511,50,100,185357,1.25,27.12000084,-6.860000134,320.9020081,0.419739991,264.1520081,457.9590149,193.8070068,0.886740029,1985,11.49950027,3.80278E-05,1.087280035,0.00787859
514,514,UNOCCUPIED,OH,2021,Site2021_514,514,514,UNOCCUPIED,OH,2021,Site2021_514,50,125,185950,1.118033989,26.78000069,-6.989999771,331.946991,0.426162988,260.70401,467.1610107,231.3630066,0.920010984,2035,5.427639961,6.26445E-05,-1.77136004,0.00909068
523,523,OCCUPIED,FS,2021,Site2021_523,523,523,OCCUPIED,FS,2021,Site2021_523,50,150,186619,1.020620726,27.04999924,-6.840000153,316.8630066,0.415499002,286.4150085,464.4079895,177.9920044,0.853832006,2003,11.27639961,0.000127792,28.52429962,0.0120199
574,574,UNOCCUPIED,PU,2019,Site2021_574,574,574,UNOCCUPIED,PU,2019,Site2021_574,50,100,230720,1.25,26.80999947,-7.369999886,264.0929871,0.383188009,261.0679932,484.8299866,223.7619934,0.900536001,1851,6.466629982,0.000114024,-9.657469749,0.0184844
769,769,UNOCCUPIED,PU,2019,Site2021_769,769,769,UNOCCUPIED,PU,2019,Site2021_769,50,100,247336,1.25,27.02000046,-6.559999943,277.1650085,0.417613,358.4049988,494.1879883,135.7830048,0.913990021,1820,7.125020027,0.00041908,-2.902709961,0.0142168
100,100,UNOCCUPIED,OH,2018,Site2021_100,100,100,UNOCCUPIED,OH,2018,Site2021_100,60,150,180211,1.224744871,27.95000076,-6.829999924,256.5440063,0.396654993,268.4330139,531.6079712,263.1749878,0.957597017,1915,4.495150089,2.33054E-05,39.03129959,0.00320699
122,122,UNOCCUPIED,OH,2017,Site2021_122,122,122,UNOCCUPIED,OH,2017,Site2021_122,60,150,184631,1.224744871,26.87999916,-7.010000229,304.0960083,0.408401996,240.6840057,489.6029968,248.9190063,0.954415023,2030,4.822539806,1.78218E-05,8.827389717,0.00878766
137,137,UNOCCUPIED,OH,2017,Site2021_137,137,137,UNOCCUPIED,OH,2017,Site2021_137,60,175,76433,1.133893419,25.86000061,-6.170000076,485.6279907,0.503881991,304.5390015,492.8670044,140.5590057,0.904150009,2079,17.00309944,0.000360191,13.91460037,0.013838
388,388,OCCUPIED,FS,2021,Site2021_388,388,388,OCCUPIED,FS,2021,Site2021_388,60,125,133254,1.341640787,27.05999947,-7.590000153,316.7950134,0.416117996,252.8209991,432.9599915,180.1390076,0.798183978,1933,20.46269989,0.000457883,22.27000046,0.00858564
343,343,UNOCCUPIED,OH,2020,Site2021_343,343,343,UNOCCUPIED,OH,2020,Site2021_343,70,225,122291,1.166666667,24.93000031,-6.78000021,394.7399902,0.433459014,323.6419983,499.1159973,173.3679962,0.956969023,2210,5.730259895,9.30429E-05,12.95680046,0.000707053
567,567,UNOCCUPIED,OS,2019,Site2021_567,567,567,UNOCCUPIED,OS,2019,Site2021_567,70,175,204010,1.322875656,25.86000061,-6.900000095,275.8599854,0.384516001,273.4440002,525.6430054,250.227005,0.993860006,1951,11.17510033,0.000453293,29.81080055,0.0106563
34,34,UNOCCUPIED,OH,2016,Site2021_34,34,34,UNOCCUPIED,OH,2016,Site2021_34,80,200,181983,1.414213562,25.76000023,-6.260000229,424.2590027,0.475879014,304.5239868,508.9710083,203.7570038,0.950115979,2113,9.697270393,0.000212908,-1.652830005,0.00300497
237,237,UNOCCUPIED,OH,2019,Site2021_237,237,237,UNOCCUPIED,OH,2019,Site2021_237,80,200,116925,1.414213562,25.23999977,-6.239999771,374.2850037,0.426438987,282.6390076,493.3320007,210.6929932,0.952045023,2150,13.53530025,0.000371695,20.21750069,0.00257569
528,528,OCCUPIED,FS,2021,Site2021_528,528,528,OCCUPIED,FS,2021,Site2021_528,80,250,187325,1.264911064,26.84000015,-6.869999886,306.230011,0.405584008,234.904007,482.2099915,247.3059998,0.94037199,1997,4.727940083,0.00011158,-10.53439999,0.00977248
719,719,UNOCCUPIED,PU,2021,Site2021_719,719,719,UNOCCUPIED,PU,2021,Site2021_719,80,250,268460,1.264911064,26.59000015,-7,266.3819885,0.392051995,245.1450043,482.4519959,237.3070068,0.913950026,1914,6.063769817,3.15905E-05,32.19649887,0.0105048
789,789,UNOCCUPIED,OH,2019,Site2021_789,789,789,UNOCCUPIED,OH,2019,Site2021_789,80,225,255494,1.333333333,27.04000092,-6.599999905,272.822998,0.422356009,308.7229919,547.565979,272.6499939,1.008620024,1810,12.95880032,0.00022614,-2.764039993,0.0146713
108,108,UNOCCUPIED,OH,2021,Site2021_108,108,108,UNOCCUPIED,OH,2021,Site2021_108,90,250,182179,1.423024947,26.22999954,-6.889999866,294.7860107,0.396468997,260.6659851,498.1390076,237.4730072,0.962746978,1899,8.076999664,0.000147402,-30.97610092,0.00492412
154,154,UNOCCUPIED,OH,2021,Site2021_154,154,154,UNOCCUPIED,OH,2021,Site2021_154,90,325,168109,1.248075442,26.11000061,-6.980000019,311.5799866,0.388112009,340.8309937,482.3739929,211.9160004,0.919432998,1929,13.20250034,0.000177681,-25.81450081,0.0132825
198,198,UNOCCUPIED,OH,2015,Site2021_198,198,198,UNOCCUPIED,OH,2015,Site2021_198,90,325,173430,1.248075442,27.01000023,-6.900000095,280,0.392776012,319.7139893,527.5369873,207.8240051,0.976931989,1789,23.06110001,0.00582027,-64.38749695,0.0046716
253,253,UNOCCUPIED,OH,2019,Site2021_253,253,253,UNOCCUPIED,OH,2019,Site2021_253,90,275,119031,1.356801051,26.5,-7.900000095,363.0109863,0.418098003,329.4790039,423.6749878,94.19519806,0.818542004,2126,22.47680092,0.000919342,32.46089935,0.00249994
351,351,UNOCCUPIED,PU,2021,Site2021_351,351,351,UNOCCUPIED,PU,2021,Site2021_351,90,275,118881,1.356801051,27.04999924,-7.369999886,333.6380005,0.408174008,311.1279907,503.946991,194.3419952,0.969008029,1903,8.165809631,1.88351E-05,-17.22960091,0.00222217
352,352,UNOCCUPIED,OH,2021,Site2021_352,352,352,UNOCCUPIED,OH,2021,Site2021_352,90,275,119133,1.356801051,25.96999931,-7.820000172,333.6380005,0.408174008,312.0820007,516.322998,204.6909943,0.992803991,1933,10.55539989,0.000036478,-13.07979965,0.00202015
478,478,UNOCCUPIED,OH,2018,Site2021_478,478,478,UNOCCUPIED,OH,2018,Site2021_478,90,300,176592,1.299038106,25.31999969,-7.46999979,315.0109863,0.389064014,321.8729858,465.1459961,143.272995,0.916185975,2066,14.92099953,1.97291E-05,27.35720062,0.00606045
123,123,UNOCCUPIED,OH,2021,Site2021_123,123,123,UNOCCUPIED,OH,2021,Site2021_123,100,300,184779,1.443375673,26.87999916,-7.010000229,316.6990051,0.415484995,239.9199982,484.8999939,244.9790039,0.945245981,2041,3.321429968,3.48687E-05,6.396729946,0.0080806
213,213,UNOCCUPIED,OH,2015,Site2021_213,213,213,UNOCCUPIED,OH,2015,Site2021_213,100,400,174731,1.25,27.20000076,-7.119999886,288.5889893,0.389811009,322.2330017,493.7950134,171.5619965,0.909964025,1849,10.21940041,0.0001266,-2.831909895,0.00810586
231,231,UNOCCUPIED,OH,2021,Site2021_231,231,231,UNOCCUPIED,OH,2021,Site2021_231,100,325,115786,1.386750491,25.86000061,-6.920000076,374.2850037,0.426438987,357.927002,512.6640015,154.7369995,0.963618994,2150,10.43599987,0.000149012,45.63349915,0.00386354
248,248,OCCUPIED,FS,2021,Site2021_248,248,248,OCCUPIED,FS,2021,Site2021_248,100,325,117357,1.386750491,25.23999977,-6.239999771,389.072998,0.430539995,278.2579956,494.0299988,215.7720032,0.959891021,2161,7.725409985,0.000215769,12.9843998,0.00229792
273,273,UNOCCUPIED,PU,2021,Site2021_273,273,273,UNOCCUPIED,PU,2021,Site2021_273,100,350,50096,1.33630621,27.67000008,-6.96999979,415.9370117,0.502158999,310.9450073,507.5950012,178.996994,0.951107025,1857,8.646670341,0.000120699,10.76490021,0.0232065
387,387,OCCUPIED,FS,2021,Site2021_387,387,387,OCCUPIED,FS,2021,Site2021_387,100,300,131007,1.443375673,26.27000046,-7.840000153,327.196991,0.415183991,259.8139954,474.1910095,212.1499939,0.884625971,1973,16.25390053,0.000166237,16.03310013,0.00813111
398,398,UNOCCUPIED,PU,2015,Site2021_398,398,398,UNOCCUPIED,PU,2015,Site2021_398,100,375,184201,1.290994449,23.84000015,-6.610000134,339.5440063,0.402695,291.6809998,468.1119995,176.4320068,0.942623019,2063,18.64819908,0.000044167,-37.97140121,0.0166915
479,479,UNOCCUPIED,OS,2018,Site2021_479,479,479,UNOCCUPIED,OS,2018,Site2021_479,100,325,176713,1.386750491,25.31999969,-7.46999979,297.256012,0.402372003,322.2919922,475.9440002,152.3090057,0.937452972,2027,15.43999958,4.36306E-05,15.88339996,0.00580793
484,484,UNOCCUPIED,OS,2018,Site2021_484,484,484,UNOCCUPIED,OS,2018,Site2021_484,100,350,181404,1.33630621,26.79000092,-6.46999979,297.7619934,0.397868007,338.7359924,489.0929871,150.3569946,0.937265992,1886,3.181809902,1.93119E-05,-16.82460022,0.00265145
648,648,UNOCCUPIED,PU,2021,Site2021_648,648,648,UNOCCUPIED,PU,2021,Site2021_648,100,375,232821,1.290994449,26.84000015,-6.590000153,292.4620056,0.414068997,271.4580078,494.1319885,222.673996,0.910077989,1859,4.431819916,0.00004071,5.101930141,0.00792909
722,722,UNOCCUPIED,OH,2021,Site2021_722,722,722,UNOCCUPIED,OH,2021,Site2021_722,100,275,241569,1.507556723,26.04000092,-7.010000229,268.5369873,0.388617992,272.8330078,407.1619873,134.3289948,0.795135975,1959,18.13089943,0.000276983,7.448120117,0.0677256
743,743,UNOCCUPIED,OS,2015,Site2021_743,743,743,UNOCCUPIED,OS,2015,Site2021_743,100,425,313443,1.212678125,26.40999985,-7.059999943,258.2149963,0.39182201,224.6869965,414.2850037,192.7619934,0.825064003,1859,21.18250084,0.000103533,-53.93299866,0.0354537
768,768,OCCUPIED,FS,2021,Site2021_768,768,768,OCCUPIED,FS,2021,Site2021_768,100,325,245351,1.386750491,26.88999939,-6.579999924,278.9779968,0.415906012,289.848999,508.901001,219.052002,0.941200972,1841,5.749849796,5.01275E-05,-2.121220112,0.0138128
775,775,UNOCCUPIED,OH,2015,Site2021_775,775,775,UNOCCUPIED,OH,2015,Site2021_775,100,300,253042,1.443375673,26.37999916,-6.889999866,271.9119873,0.421050012,302.0190125,487.5750122,194.9519959,0.925988972,1921,22.61170006,0.00026679,40.07979965,0.0171208
88,88,UNOCCUPIED,PU,2017,Site2021_88,88,88,UNOCCUPIED,PU,2017,Site2021_88,110,450,172735,1.296362432,27.89999962,-7.079999924,292.5020142,0.410425991,255.7709961,503.7590027,247.9880066,0.911531985,1934,13.59770012,0.000278234,25.92569923,0.0329285
114,114,UNOCCUPIED,OH,2018,Site2021_114,114,114,UNOCCUPIED,OH,2018,Site2021_114,110,450,181411,1.296362432,28.06999969,-6.889999866,258.5090027,0.395482004,268.1830139,524.4199829,256.2369995,0.956121027,1838,7.393959999,3.25441E-05,33.48749924,0.00361102
205,205,UNOCCUPIED,OH,2015,Site2021_205,205,205,UNOCCUPIED,OH,2015,Site2021_205,110,500,174213,1.229837388,27.01000023,-6.900000095,283.0700073,0.390781999,319.9360046,474.8240051,155.1100006,0.879312992,1802,4.168739796,0.000915945,-45.54169846,0.00752506
215,215,OCCUPIED,FH,2021,Site2021_215,215,215,OCCUPIED,FH,2021,Site2021_215,110,400,179365,1.375,26.51000023,-6.639999866,303.401001,0.387360007,331.6080017,450.7070007,120.1039963,0.870607972,1962,13.06919956,0.000109553,8.348999977,0.00249994
267,267,UNOCCUPIED,OS,2021,Site2021_267,267,267,UNOCCUPIED,OS,2021,Site2021_267,110,325,47009,1.52542554,27.28000069,-7.21999979,416.4230042,0.504190981,310.8710022,507.2449951,196.1560059,0.964151978,1923,9.28042984,1.51396E-05,15.41779995,0.0121714
318,318,UNOCCUPIED,OH,2021,Site2021_318,318,318,UNOCCUPIED,OH,2021,Site2021_318,110,350,130356,1.469936831,26.69000053,-7.590000153,335.1099854,0.411020994,238.9069977,466.1159973,227.2100067,0.915498972,1918,11.92730045,5.77569E-05,-47.44169998,0.00765132
510,510,UNOCCUPIED,OH,2018,Site2021_510,510,510,UNOCCUPIED,OH,2018,Site2021_510,110,475,185338,1.261786536,27.12000084,-6.860000134,320.9020081,0.419739991,263.2120056,452.2019959,188.9889984,0.875591993,1999,9.421580315,1.89543E-05,6.651000023,0.00737355
512,512,OCCUPIED,FH,2021,Site2021_512,512,512,OCCUPIED,FH,2021,Site2021_512,110,475,185495,1.261786536,27.12000084,-6.860000134,320.9020081,0.419739991,269.1549988,488.6130066,219.4579926,0.946093977,1971,5.006279945,4.34518E-05,-13.04039955,0.00850989
560,560,UNOCCUPIED,OH,2018,Site2021_560,560,560,UNOCCUPIED,OH,2018,Site2021_560,110,525,210139,1.200198396,26.77000046,-7.260000229,259.5329895,0.38707599,288.3139954,455.3880005,167.072998,0.838624001,1868,8.735690117,5.00083E-05,19.89900017,0.00691902
606,606,OCCUPIED,FS,2019,Site2021_606,606,606,OCCUPIED,FS,2019,Site2021_606,110,550,236789,1.17260394,26.84000015,-7.489999771,253.8300018,0.383103013,283.1719971,510.1579895,226.9850006,0.951030016,1842,6.423150063,0.000036478,3.316770077,0.0315396
672,672,UNOCCUPIED,OS,2021,Site2021_672,672,672,UNOCCUPIED,OS,2021,Site2021_672,110,325,261378,1.52542554,26.81999969,-6.659999847,269.0849915,0.392015994,267.8739929,488.4049988,220.5310059,0.922030985,1904,21.95919991,0.000124693,2.59961009,0.019646
767,767,UNOCCUPIED,OH,2019,Site2021_767,767,767,UNOCCUPIED,OH,2019,Site2021_767,110,400,245059,1.375,26.88999939,-6.579999924,278.9779968,0.415906012,290.446991,511.7049866,221.2570038,0.94638598,1840,8.646670341,7.02739E-05,-2.874150038,0.0135855
21,21,UNOCCUPIED,OS,2017,Site2021_21,21,21,UNOCCUPIED,OS,2017,Site2021_21,120,425,171348,1.45521375,26.65999985,-5.900000095,314.5169983,0.432294995,320.9549866,548.7509766,227.7969971,0.974767983,2093,13.89309978,2.40803E-05,76.2634964,0.0191914
531,531,UNOCCUPIED,OH,2021,Site2021_531,531,531,UNOCCUPIED,OH,2021,Site2021_531,120,550,187733,1.279204298,27.04999924,-6.840000153,325.4249878,0.422199011,271.3909912,475.5509949,204.4210052,0.915710986,2017,6.182929993,7.31945E-05,7.614379883,0.0114644
551,551,UNOCCUPIED,OH,2018,Site2021_551,551,551,UNOCCUPIED,OH,2018,Site2021_551,120,475,209725,1.376494403,26.77000046,-7.260000229,258.9869995,0.387385011,283.3819885,452.9849854,164.6699982,0.834199011,1865,13.82849979,0.00012219,21.25810051,0.00555542
668,668,UNOCCUPIED,OH,2018,Site2021_668,668,668,UNOCCUPIED,OH,2018,Site2021_668,120,600,245484,1.224744871,26.26000023,-6.860000134,279.4760132,0.412674993,291.3190002,499.2390137,207.3569946,0.95302701,1891,9.6291399,7.88569E-05,1.921020031,0.013838
765,765,UNOCCUPIED,PU,2019,Site2021_765,765,765,UNOCCUPIED,PU,2019,Site2021_765,120,475,244198,1.376494403,26.88999939,-6.579999924,278.9779968,0.415906012,289.4530029,510.4129944,220.9589996,0.947938979,1839,5.75962019,0.000043571,-3.704349995,0.0128027
580,580,UNOCCUPIED,OH,2018,Site2021_580,580,580,UNOCCUPIED,OH,2018,Site2021_580,130,600,280764,1.326806944,25.63999939,-7.150000095,269.9530029,0.381413996,262.7980042,496.7739868,233.9759979,0.969582975,1932,16.72360039,8.06451E-05,0.317748994,0.059645
766,766,OCCUPIED,FS,2019,Site2021_766,766,766,OCCUPIED,FS,2019,Site2021_766,130,425,244638,1.576481563,26.88999939,-6.579999924,278.9779968,0.415906012,291.7820129,515.7650146,223.9830017,0.950169981,1840,8.792409897,3.58224E-05,-2.443480015,0.013333
792,792,UNOCCUPIED,OH,2015,Site2021_792,792,792,UNOCCUPIED,OH,2015,Site2021_792,130,550,247628,1.385804656,26.26000023,-6.860000134,277.5920105,0.412571996,287.1919861,475.7049866,187.6629944,0.908102989,1916,7.117179871,0.00007236,11.47109985,0.0128785
15,15,UNOCCUPIED,OS,2015,Site2021_15,15,15,UNOCCUPIED,OS,2015,Site2021_15,140,550,168648,1.492405014,22.73999977,-8.350000381,576.9299927,0.513888001,313.1109924,330.9030151,17.79179955,0.712176979,2514,30.43989944,0.00105655,5.210209847,0.0137875
257,257,UNOCCUPIED,OH,2021,Site2021_257,257,257,UNOCCUPIED,OH,2021,Site2021_257,140,500,125794,1.565247584,25.60000038,-8.039999962,358.875,0.41395399,251.552002,488.881012,234.6089935,0.946165025,2096,8.842510223,0.000137866,27.22120094,0.00477261
440,440,UNOCCUPIED,OS,2015,Site2021_440,440,440,UNOCCUPIED,OS,2015,Site2021_440,140,675,227355,1.347150628,27.76000023,-6.989999771,289.8739929,0.414160997,271.9289856,499.105011,227.1269989,0.90734601,1863,21.59639931,0.00106347,37.17990112,0.00982298
519,519,OCCUPIED,FH,2021,Site2021_519,519,519,OCCUPIED,FH,2021,Site2021_519,140,725,186472,1.299867367,26.89999962,-6.869999886,290.6180115,0.404808015,249.6660004,471.9750061,222.3099976,0.904573023,1967,11.56029987,1.89543E-05,0.171753004,0.00876241
807,807,UNOCCUPIED,OH,2015,Site2021_807,807,807,UNOCCUPIED,OH,2015,Site2021_807,140,625,282813,1.4,27.63999939,-6.360000134,263.5299988,0.452244014,313.5429993,550.6929932,237.1499939,0.969196022,1710,14.54950047,8.83937E-05,12.06620026,0.0132825
809,809,UNOCCUPIED,OS,2015,Site2021_809,809,809,UNOCCUPIED,OS,2015,Site2021_809,140,750,267172,1.278019301,27.14999962,-6.510000229,264.2390137,0.435157001,302.6589966,498.8710022,196.2120056,0.909946978,1784,20.12190056,0.00042367,-16.75289917,0.013939
44,44,UNOCCUPIED,OS,2017,Site2021_44,44,44,UNOCCUPIED,OS,2017,Site2021_44,150,875,81747,1.267731382,26.69000053,-6.510000229,373.3299866,0.440544993,336.321991,521.1500244,184.8280029,0.941594005,2017,18.66139984,0.000242233,26.98620033,0.00749981
56,56,UNOCCUPIED,OH,2017,Site2021_56,56,56,UNOCCUPIED,OH,2017,Site2021_56,150,600,86524,1.530931089,27.13999939,-6.340000153,346.9960022,0.413240999,324.5390015,401.3169861,76.77809906,0.733911991,2044,27.56520081,0.000275195,43.3030014,0.00505038
187,187,UNOCCUPIED,OH,2017,Site2021_187,187,187,UNOCCUPIED,OH,2017,Site2021_187,150,575,172203,1.563858105,27.38999939,-7.059999943,277.1870117,0.394564003,315.769989,530.9580078,215.1880035,0.962687016,1779,2.862410069,0.000337183,-36.93119812,0.00429282
347,347,UNOCCUPIED,PU,2018,Site2021_347,347,347,UNOCCUPIED,PU,2018,Site2021_347,150,450,125118,1.767766953,27.89999962,-7.170000076,302.5920105,0.422360003,264.5130005,529.3060303,251.0110016,0.951968014,1771,11.59759998,0.000232458,-5.539060116,0.00590894
666,666,UNOCCUPIED,OH,2019,Site2021_666,666,666,UNOCCUPIED,OH,2019,Site2021_666,150,550,239528,1.599005373,26.54000092,-6.75,284.0700073,0.412707001,285.4450073,487.2070007,201.7619934,0.904699981,1860,10.75959969,2.91467E-05,-0.178101003,0.0112876
667,667,UNOCCUPIED,PU,2021,Site2021_667,667,667,UNOCCUPIED,PU,2021,Site2021_667,150,500,244472,1.677050983,26.79000092,-6.590000153,279.4760132,0.412674993,288.3080139,505.0409851,216.7339935,0.937963009,1858,6.6291399,8.32677E-05,-2.902709961,0.0134845
456,456,OCCUPIED,FS,2021,Site2021_456,456,456,OCCUPIED,FS,2021,Site2021_456,160,700,139200,1.511857892,27.52000046,-7.079999924,306.7099915,0.417914003,294.3710022,507.8150024,210.871994,0.925691009,1885,14.78079987,0.000493705,24.28470039,0.00568167
527,527,OCCUPIED,FH,2021,Site2021_527,527,527,OCCUPIED,FH,2021,Site2021_527,160,650,186504,1.568929081,26.89999962,-6.869999886,311.3640137,0.411720008,250.0130005,474.0979919,224.0850067,0.908641994,1982,5.006279945,0.000116885,4.287479877,0.00873715
576,576,UNOCCUPIED,OS,2019,Site2021_576,576,576,UNOCCUPIED,OS,2019,Site2021_576,160,775,205207,1.436842416,25.86000061,-6.900000095,275.8599854,0.384516001,256.7690125,493.2550049,232.5850067,0.941417992,1989,11.58360004,0.000223398,42.05319977,0.0104543
637,637,UNOCCUPIED,OS,2018,Site2021_637,637,637,UNOCCUPIED,OS,2018,Site2021_637,160,900,288725,1.333333333,26.57999992,-7.460000038,246.8679962,0.394302011,279.1619873,508.3800049,229.2180023,0.95737797,1816,10.45689964,0.000027895,6.239620209,0.0117926
17,17,UNOCCUPIED,OH,2017,Site2021_17,17,17,UNOCCUPIED,OH,2017,Site2021_17,170,1125,170769,1.267105187,27.97999954,-6.369999886,313.178009,0.428710014,285.7749939,521.0943848,234.9967957,0.906393182,1862.8,20.27458038,0.001406444,-11.16805601,0.026363
239,239,UNOCCUPIED,PU,2021,Site2021_239,239,239,UNOCCUPIED,PU,2021,Site2021_239,170,550,52683,1.812206089,28.02000046,-6.820000172,411.5969849,0.476188004,326.0700073,472.3120117,146.2420044,0.865190983,1883,14.62469959,0.000760794,22.04220009,0.066867
629,629,UNOCCUPIED,PU,2019,Site2021_629,629,629,UNOCCUPIED,PU,2019,Site2021_629,170,625,227542,1.7,26.40999985,-7.289999962,262.8439941,0.386471003,258.5849915,513.552002,254.9680023,0.962085009,1901,9.421580315,3.78489E-05,10.58310032,0.0208581
659,659,UNOCCUPIED,OH,2020,Site2021_659,659,659,UNOCCUPIED,OH,2020,Site2021_659,170,1000,233890,1.343968006,27.04000092,-6.599999905,289.8754028,0.414415199,268.8340149,481.8450012,213.0110016,0.887448013,1840,6.396920204,1.95384E-05,-10.08909988,0.00724729
713,713,UNOCCUPIED,OH,2021,Site2021_713,713,713,UNOCCUPIED,OH,2021,Site2021_713,170,875,267826,1.436762233,26.12999916,-7.130000114,277.0769959,0.386739999,240.8419952,483.8080139,242.9660034,0.935676992,1957,11.31470013,0.000104666,16.72270012,0.0110098
378,378,UNOCCUPIED,OH,2016,Site2021_378,378,378,UNOCCUPIED,OH,2016,Site2021_378,180,875,160454,1.521277659,26.55999947,-7.28000021,300.1229858,0.402332991,322.9440002,455.243988,132.3000031,0.881061018,1930,14.03619957,7.48038E-05,25.52610016,0.00810586
799,799,UNOCCUPIED,OH,2015,Site2021_799,799,799,UNOCCUPIED,OH,2015,Site2021_799,180,825,258392,1.566698904,26.86000061,-6.75,271.82901,0.423803985,292.5050049,464.0419922,174.2230072,0.860624015,1827,12.40779972,0.000176191,-0.116576999,0.017348
130,130,UNOCCUPIED,OH,2017,Site2021_130,130,130,UNOCCUPIED,OH,2017,Site2021_130,190,550,69646,2.025406805,25.25,-6.510000229,507.1830139,0.523450971,349.4159851,485.3900146,184.8760071,0.905237973,2181,11.31949997,0.00056839,31.06349945,0.000858564
136,136,UNOCCUPIED,OH,2015,Site2021_136,136,136,UNOCCUPIED,OH,2015,Site2021_136,190,1150,172038,1.400698583,27.38999939,-7.059999943,275.8039856,0.397412002,315.769989,511.5329895,195.7630005,0.927466989,1780,13.33675995,0.000260341,-31.23396072,0.00429282
192,192,UNOCCUPIED,OH,2021,Site2021_192,192,192,UNOCCUPIED,OH,2021,Site2021_192,190,975,172968,1.521217461,26.64999962,-6.550000191,292.1000061,0.389687002,267.9949951,477.9289856,209.9340057,0.905004025,1941,10.43080044,0.000135422,20.65749931,0.0169945
595,595,UNOCCUPIED,OH,2019,Site2021_595,595,595,UNOCCUPIED,OH,2019,Site2021_595,190,975,229853,1.521217461,27.05999947,-7.579999924,255.7590027,0.384757996,286.5299988,486.4670105,199.9380035,0.896241009,1812,8.984880447,9.35793E-05,11.46829987,0.0241913
211,211,UNOCCUPIED,OH,2015,Site2021_211,211,211,UNOCCUPIED,OH,2015,Site2021_211,200,1525,174403,1.280368799,27.19000053,-7.050000191,288.5889893,0.389811009,322.2330017,480.0450134,157.8119965,0.884625018,1849,13.65999966,0.00021944,-7.244827938,0.00828262
295,295,UNOCCUPIED,OH,2015,Site2021_295,295,295,UNOCCUPIED,OH,2015,Site2021_295,200,1025,210658,1.561737619,26.48999977,-7.449999809,319.9559937,0.40952301,273.9039917,501.1529907,226.2811951,0.966186583,1871.6,7.71639595,4.59314E-05,-29.43510017,0.0154794
320,320,UNOCCUPIED,OH,2019,Site2021_320,320,320,UNOCCUPIED,OH,2019,Site2021_320,200,750,130576,1.825741858,25.92000008,-7.769999981,331.2529907,0.40949899,243.7109985,471.7290039,228.0180054,0.923560023,2049,10.39939976,0.000113368,13.5951004,0.00767657
650,650,UNOCCUPIED,OH,2015,Site2021_650,650,650,UNOCCUPIED,OH,2015,Site2021_650,200,1050,218800,1.5430335,26.95000076,-6.980000019,314.2279968,0.413181007,265.6690063,474.9833984,209.7379974,0.894291008,1837.4,5.876645947,7.26701E-05,-17.0510603,0.0134593
786,786,UNOCCUPIED,OH,2015,Site2021_786,786,786,UNOCCUPIED,OH,2015,Site2021_786,200,925,254685,1.643989873,27.27000046,-6.510000229,271.9119873,0.421050012,303.2969971,485.5809937,182.2850037,0.907566011,1873,16.85050011,0.000294685,5.678589821,0.0155299
790,790,UNOCCUPIED,OH,2021,Site2021_790,790,790,UNOCCUPIED,OH,2021,Site2021_790,200,925,256166,1.643989873,27.04000092,-6.599999905,276.6480103,0.433548987,303.2260132,521.3619995,218.1360016,0.960349023,1850,23.02149963,0.000267982,35.84569931,0.0149491
112,112,UNOCCUPIED,OH,2017,Site2021_112,112,112,UNOCCUPIED,OH,2017,Site2021_112,210,1025,180704,1.6398245,28.45999908,-7.309999943,271.5490112,0.405597001,245.1082001,504.9304138,259.8222015,0.890033615,1858.4,7.256687927,8.22544E-05,37.40549927,0.0119441
212,212,UNOCCUPIED,OH,2015,Site2021_212,212,212,UNOCCUPIED,OH,2015,Site2021_212,210,1175,174486,1.531582411,27.19000053,-7.050000191,283.0700073,0.390781999,319.9360046,468.8800049,148.9440002,0.869270027,1808.6,15.12491989,0.000759244,-31.98167992,0.00833312
450,450,OCCUPIED,FH,2021,Site2021_450,450,450,OCCUPIED,FH,2021,Site2021_450,210,1325,234234,1.442285921,26.79000092,-6.559999943,288.151001,0.414646,264.134198,470.9750061,206.9149933,0.883862019,1852.6,8.443684006,1.59263E-05,-5.795405865,0.00709578
284,284,UNOCCUPIED,OH,2021,Site2021_284,284,284,UNOCCUPIED,OH,2021,Site2021_284,220,1150,110617,1.621861518,26,-6.130000114,384.4769897,0.447863013,283.5620117,502.4249878,218.8619995,0.953616023,2031.4,14.59466019,0.000144685,-40.50125885,0.0296205
314,314,OCCUPIED,FH,2021,Site2021_314,314,314,OCCUPIED,FH,2021,Site2021_314,220,925,130306,1.80838886,25.92000008,-7.769999981,341.8940125,0.413798988,242.6060028,464.9509888,222.3439941,0.91028899,2053,11.3718996,0.000127554,11.68589973,0.00765132
529,529,OCCUPIED,FH,2021,Site2021_529,529,529,OCCUPIED,FH,2021,Site2021_529,220,825,187560,1.914854216,27.02000046,-6.860000134,306.230011,0.405584008,249.727005,451.7929993,212.427002,0.865891993,1986,12.77260017,1.04904E-05,6.527100086,0.0101008
782,782,UNOCCUPIED,PU,2015,Site2021_782,782,782,UNOCCUPIED,PU,2015,Site2021_782,220,1100,253786,1.658312395,27.27000046,-6.510000229,271.9119873,0.421050012,265.9161987,506.1308105,240.0372009,0.934395587,1864.2,16.34394016,0.000124133,3.07822206,0.0161612
37,37,UNOCCUPIED,OH,2021,Site2021_37,37,37,UNOCCUPIED,OH,2021,Site2021_37,230,1450,182063,1.510023978,28.30999947,-7.239999771,288.1236084,0.408034003,246.1640015,498.6159973,252.4519959,0.899493992,1831,4.198181915,3.10302E-05,-6.314628124,0.00616146
235,235,OCCUPIED,FS,2021,Site2021_235,235,235,OCCUPIED,FS,2021,Site2021_235,230,1225,116811,1.642857143,25.23999977,-6.239999771,374.2850037,0.426438987,283.5100098,497.4859924,213.9759979,0.960061014,2143.4,15.18403969,0.000113511,20.34117966,0.00270195
458,458,UNOCCUPIED,OH,2021,Site2021_458,458,458,UNOCCUPIED,OH,2021,Site2021_458,230,1075,139402,1.753733559,26.90999985,-7.5,306.7099915,0.417914003,294.3710022,495.881012,201.5099945,0.903937995,1907,13.67743988,0.001191829,43.53790054,0.00563117
572,572,UNOCCUPIED,PU,2019,Site2021_572,572,572,UNOCCUPIED,PU,2019,Site2021_572,230,950,235541,1.865546343,26.59000015,-7.449999809,257.8460083,0.383082986,259.3970032,511.8840027,252.4859924,0.94935298,1845,6.526989937,2.16365E-05,10.77499962,0.0306053
703,703,UNOCCUPIED,OS,2021,Site2021_703,703,703,UNOCCUPIED,OS,2021,Site2021_703,230,1150,263131,1.695582496,26.07999992,-7.099999905,278.5180054,0.387035996,242.7769928,490.5190125,247.7429962,0.949726999,1956.6,18.96855965,3.22103E-05,8.409017992,0.0171965
14,14,UNOCCUPIED,OH,2015,Site2021_14,14,14,UNOCCUPIED,OH,2015,Site2021_14,240,1200,168400,1.732050808,22.73999977,-8.350000381,572.7700195,0.513999999,344.5320129,392.3858093,46.19051971,0.844502604,2563.2,18.01937943,0.000226736,47.58237991,0.0128532
19,19,UNOCCUPIED,OS,2017,Site2021_19,19,19,UNOCCUPIED,OS,2017,Site2021_19,240,1750,171115,1.434274331,28.23999977,-6.920000076,293.3649902,0.414638013,276.2650146,503.6140015,226.9560059,0.885107422,1877.6,8.953234005,9.8455E-05,-4.462061977,0.0238125
160,160,UNOCCUPIED,OH,2015,Site2021_160,160,160,UNOCCUPIED,OH,2015,Site2021_160,240,1525,148073,1.536442559,27.09000015,-6.980000019,299.04599,0.404484987,303.4320068,485.2659912,181.8339996,0.931982994,1905.6,11.45327988,0.000232828,-37.54192047,0.0183076
224,224,UNOCCUPIED,OS,2016,Site2021_224,224,224,UNOCCUPIED,OS,2016,Site2021_224,240,1000,183264,1.897366596,26.84000015,-6.900000095,287.4366089,0.393024391,267.6497986,471.7698059,204.1199982,0.881955397,1843.8,16.3545599,0.001153599,-24.07664032,0.00484836
439,439,UNOCCUPIED,OH,2015,Site2021_439,439,439,UNOCCUPIED,OH,2015,Site2021_439,240,1075,217064,1.829982844,27.20999908,-7,296.5840149,0.420567006,296.9167908,432.9726074,136.4421936,0.800102377,1879,31.91686058,0.000815403,18.1302021,0.0118179
462,462,UNOCCUPIED,OH,2021,Site2021_462,462,462,UNOCCUPIED,OH,2021,Site2021_462,240,800,139413,2.121320344,27.44000053,-7.090000153,301.2909851,0.415546,294.4599915,486.677002,192.2160034,0.888356984,1820,13.72130013,0.000186622,22.04500008,0.00363627
596,596,UNOCCUPIED,OH,2019,Site2021_596,596,596,UNOCCUPIED,OH,2019,Site2021_596,240,1000,230957,1.897366596,26.80999947,-7.369999886,264.0929871,0.383188009,291.9790039,474.7606079,182.781604,0.881832182,1853.8,4.87730608,3.76105E-05,1.28484022,0.0203278
753,753,UNOCCUPIED,PU,2021,Site2021_753,753,753,UNOCCUPIED,PU,2021,Site2021_753,240,1425,268781,1.589438828,26.01000023,-7.210000038,279.0369873,0.385848999,241.1471985,485.3239929,244.2327972,0.938608396,1968.8,7.026916122,0.000222397,22.63083954,0.0101765
191,191,UNOCCUPIED,OH,2015,Site2021_191,191,191,UNOCCUPIED,OH,2015,Site2021_191,250,2100,172789,1.363861814,27.38999939,-7.059999943,280,0.392776012,316.9299927,468.5796082,151.6496002,0.871678197,1778,17.13359203,0.001912011,-59.91592026,0.00431807
252,252,UNOCCUPIED,OH,2018,Site2021_252,252,252,UNOCCUPIED,OH,2018,Site2021_252,250,1075,123708,1.906232129,25.90999985,-7.75,353.272998,0.416020805,244.2070007,483.1479919,238.4179962,0.945671225,2047.6,8.599823856,0.000224471,2.989894009,0.00260094
364,364,UNOCCUPIED,OS,2015,Site2021_364,364,364,UNOCCUPIED,OS,2015,Site2021_364,250,1300,207230,1.733438113,26.54999924,-6.659999847,290.7095947,0.394463795,265.5578125,495.7083923,230.482605,0.943037593,1873.6,12.65599995,5.37515E-05,-10.56697607,0.0054039
454,454,OCCUPIED,"FH, PC",2021,Site2021_454,454,454,OCCUPIED,"FH, PC",2021,Site2021_454,250,1025,138785,1.952172024,27.20000076,-7.139999866,312.9670105,0.414548993,294.7330017,500.630603,206.3965942,0.922670209,1862.2,10.45633192,0.000096798,9.283545876,0.00444433
636,636,UNOCCUPIED,OH,2018,Site2021_636,636,636,UNOCCUPIED,OH,2018,Site2021_636,250,1225,288228,1.785714286,26.29999924,-8.119999886,260.4262024,0.397732598,296.6080017,500.0429993,203.4340057,0.962889016,1834.4,5.087901878,9.0456E-05,-18.34600029,0.0120704
97,97,UNOCCUPIED,OS,2017,Site2021_97,97,97,UNOCCUPIED,OS,2017,Site2021_97,260,1575,177907,1.63784605,28.61000061,-7.210000038,268.8670044,0.403066993,238.8300018,496.9580078,251.447998,0.874189973,1818.4,3.279184055,9.42946E-05,14.26868019,0.0147471
113,113,UNOCCUPIED,OH,2017,Site2021_113,113,113,UNOCCUPIED,OH,2017,Site2021_113,260,1975,181882,1.462614271,28.30999947,-7.239999771,281.6099854,0.406874001,240.4445984,475.6279907,234.3760071,0.858025014,1863.2,13.87677994,9.34838E-05,30.58561935,0.00636348
438,438,UNOCCUPIED,OH,2021,Site2021_438,438,438,UNOCCUPIED,OH,2021,Site2021_438,260,1350,245352,1.769075925,26.39600029,-6.828000164,279.4760132,0.412674993,292.5308044,503.2155945,210.6848022,0.960619783,1911.2,12.74266014,0.000107479,12.22446003,0.0135855
443,443,UNOCCUPIED,OH,2020,Site2021_443,443,443,UNOCCUPIED,OH,2020,Site2021_443,260,1300,231110,1.802775638,27.49799957,-7.042000103,283.2099915,0.418545008,298.7470093,469.6072021,196.8361969,0.850979793,1837,21.60286026,0.000654328,32.8582386,0.00752506
474,474,UNOCCUPIED,OH,2021,Site2021_474,474,474,UNOCCUPIED,OH,2021,Site2021_474,260,1750,261933,1.553797192,27.09400063,-6.817999935,305.303009,0.407285005,296.1881958,470.7718079,174.5838013,0.888037813,1954.2,23.73641968,0.000369811,24.32915993,0.00416656
534,534,UNOCCUPIED,OH,2017,Site2021_534,534,534,UNOCCUPIED,OH,2017,Site2021_534,260,1225,187330,1.857142857,26.92000008,-6.690000057,290.1440125,0.403492987,265.4013916,516.1753906,250.773999,0.97461282,1950.4,23.98080025,0.000653624,6.422019672,0.00810586
538,538,OCCUPIED,FS,2021,Site2021_538,538,538,OCCUPIED,FS,2021,Site2021_538,260,1375,188005,1.752919642,27.07999992,-6.78000021,306.230011,0.405584008,242.3110046,454.9259949,212.6150055,0.86974299,1974.4,9.742904091,9.04918E-05,-2.965451956,0.00989874
646,646,UNOCCUPIED,OH,2019,Site2021_646,646,646,UNOCCUPIED,OH,2019,Site2021_646,260,1025,229363,2.030258905,26.59000015,-6.829999924,299.651001,0.415520996,273.2210022,512.186615,238.9656006,0.961139202,1848.8,9.90843811,0.00036248,-14.07839966,0.00979773
810,810,UNOCCUPIED,OH,2015,Site2021_810,810,810,UNOCCUPIED,OH,2015,Site2021_810,260,1675,283195,1.588202777,27.70999908,-6.260000229,265.75,0.458761007,311.7550049,536.8850098,225.1300049,0.944895029,1714,6.164978027,5.28097E-05,17.40953979,0.0132825
74,74,UNOCCUPIED,OH,2018,Site2021_74,74,74,UNOCCUPIED,OH,2018,Site2021_74,270,1550,179644,1.714501715,27.14399986,-6.951999855,278.1839905,0.390145987,316.053009,480.6059875,164.5529938,0.890079021,1818.4,8.647428226,6.69122E-05,-18.48391972,0.00505038
630,630,OCCUPIED,FS,2020,Site2021_630,630,630,OCCUPIED,FS,2020,Site2021_630,270,1250,230628,1.909188309,26.15999985,-6.860000134,264.7390137,0.387697995,249.6324005,480.9593994,231.1657959,0.909477806,1899.6,6.978557873,1.8096E-05,8.921779823,0.0223732
286,286,UNOCCUPIED,OH,2019,Site2021_286,286,286,UNOCCUPIED,OH,2019,Site2021_286,280,1400,110867,1.870828693,25.37999916,-6.139999866,410.4179993,0.456966013,296.572998,498.1261963,201.8430054,0.959902227,2165.4,10.91387997,7.34447E-05,28.31195984,0.0252014
288,288,UNOCCUPIED,OH,2019,Site2021_288,288,288,UNOCCUPIED,OH,2019,Site2021_288,280,1400,110867,1.870828693,25.37999916,-6.139999866,410.4179993,0.456966013,296.572998,498.1261963,201.8430054,0.959902227,2165.4,10.91387997,7.34447E-05,28.31195984,0.0252014
710,710,UNOCCUPIED,PU,2021,Site2021_710,710,710,UNOCCUPIED,PU,2021,Site2021_710,280,1050,265319,2.160246899,26.04000092,-7.159999847,275.269989,0.388208002,235.0850067,451.2399902,216.1549988,0.875855029,1986.2,18.25673981,0.000298691,29.03891983,0.0146966
228,228,UNOCCUPIED,OS,2021,Site2021_228,228,228,UNOCCUPIED,OS,2021,Site2021_228,290,1700,53244,1.758383282,27.65999985,-7.230000019,381.4129944,0.46114701,295.5124023,459.3129883,166.2610016,0.834272027,1892,11.48832417,0.000437212,23.21213989,0.0788111
234,234,UNOCCUPIED,OH,2021,Site2021_234,234,234,UNOCCUPIED,OH,2021,Site2021_234,290,1325,116526,1.991728177,25.73600044,-6.784000015,374.2850037,0.426438987,283.1839905,495.9309998,212.746994,0.957060993,2131,17.89790039,0.000230777,16.89039974,0.00282821
436,436,UNOCCUPIED,OH,2020,Site2021_436,436,436,UNOCCUPIED,OH,2020,Site2021_436,290,1200,227112,2.092894726,26.12999916,-7.099999905,300.9283997,0.408029997,261.0071899,482.8686096,221.8696014,0.932065594,1949.8,5.908595848,5.26786E-05,7.112035847,0.0167168
503,503,UNOCCUPIED,OH,2021,Site2021_503,503,503,UNOCCUPIED,OH,2021,Site2021_503,290,1800,186425,1.708841388,26.52000046,-6.429999828,283.0270081,0.387861997,308.1390076,498.4671936,191.1299957,0.951311994,1899,7.416540146,6.06179E-05,-18.22030067,0.0013131
575,575,UNOCCUPIED,PU,2019,Site2021_575,575,575,UNOCCUPIED,PU,2019,Site2021_575,290,1075,204191,2.21122927,25.86000061,-6.900000095,275.8599854,0.384516001,271.6588013,516.4840088,243.0399933,0.976543009,1958.8,3.082876039,0.000167429,30.56035957,0.0107068
287,287,UNOCCUPIED,PU,2021,Site2021_287,287,287,UNOCCUPIED,PU,2021,Site2021_287,300,1450,110779,1.969596493,26,-6.130000114,411.7940063,0.463218987,286.0888,508.8492126,223.9339996,0.965809405,2073.8,29.64828033,0.000339305,-13.48721957,0.0279033
665,665,UNOCCUPIED,OH,2021,Site2021_665,665,665,UNOCCUPIED,OH,2021,Site2021_665,300,1200,238828,2.165063509,26.54000092,-6.75,284.0700073,0.412707001,296.8022095,449.4201965,152.6180054,0.843115413,1885.6,13.43997993,0.000441515,19.61860046,0.0110603
103,103,UNOCCUPIED,OH,2021,Site2021_103,103,103,UNOCCUPIED,OH,2021,Site2021_103,310,2625,180682,1.512645113,26.70999908,-6.420000076,281.6430054,0.389014989,319.9039917,469.0857971,149.1818054,0.886609411,1837.8,18.30850067,0.000359786,-28.3388401,0.00439383
715,715,UNOCCUPIED,OS,2021,Site2021_715,715,715,UNOCCUPIED,OS,2021,Site2021_715,310,1725,264348,1.865980723,26.40599937,-6.947999859,262.3519897,0.396504998,255.4190063,464.6549988,209.2359924,0.889747024,1886.6,26.92845955,8.07523E-05,21.53347988,0.0159087
323,323,UNOCCUPIED,OH,2018,Site2021_323,323,323,UNOCCUPIED,OH,2018,Site2021_323,320,1775,131282,1.898850653,25.92000008,-7.769999981,333.5499878,0.408859015,250.0720062,483.4768066,232.273996,0.939242399,2005.4,15.70488052,0.000577462,12.44426495,0.00954521
95,95,UNOCCUPIED,OS,2017,Site2021_95,95,95,UNOCCUPIED,OS,2017,Site2021_95,330,1675,176579,2.015795832,28.27000046,-6.730000019,279.4360046,0.406610012,240.1670074,472.4495972,234.5439972,0.839697194,1861.4,11.60818005,5.07116E-05,7.614316177,0.0197217
788,788,UNOCCUPIED,OH,2021,Site2021_788,788,788,UNOCCUPIED,OH,2021,Site2021_788,330,1800,255118,1.944543648,27.04000092,-6.599999905,272.822998,0.422356009,270.1570129,497.2812012,226.4946014,0.929433811,1809.6,21.91776047,0.000195992,1.11364603,0.0146208
118,118,UNOCCUPIED,OS,2021,Site2021_118,118,118,UNOCCUPIED,OS,2021,Site2021_118,340,1475,186433,2.213211487,26.89999962,-6.869999886,290.6180115,0.404808015,248.3932007,458.2226074,210.8053986,0.878215194,1930,10.11319218,5.78642E-05,-11.67847004,0.00873715
562,562,OCCUPIED,FH,2021,Site2021_562,562,562,OCCUPIED,FH,2021,Site2021_562,340,2350,230055,1.753416119,26.15999985,-6.860000134,264.7390137,0.387697995,252.3204041,482.6362061,230.6955994,0.905571198,1899.8,11.29337387,0.000122214,9.469061756,0.0221459
43,43,UNOCCUPIED,OH,2017,Site2021_43,43,43,UNOCCUPIED,OH,2017,Site2021_43,350,1850,88372,2.034333678,25.98999977,-6.329999924,421.8540039,0.447766989,262.5799866,428.4859924,165.9069977,0.803466022,2139.6,16.12620029,0.000103831,18.76875954,0.00401505
776,776,UNOCCUPIED,OH,2015,Site2021_776,776,776,UNOCCUPIED,OH,2015,Site2021_776,350,2300,253705,1.824501123,27.27000046,-6.510000229,271.9119873,0.421050012,299.0135986,474.0820007,175.2250061,0.900363982,1896.4,19.96408005,0.000310421,21.10303993,0.0163127
777,777,UNOCCUPIED,OS,2015,Site2021_777,777,777,UNOCCUPIED,OS,2015,Site2021_777,350,2300,253705,1.824501123,27.27000046,-6.510000229,271.9119873,0.421050012,299.0135986,474.0820007,175.2250061,0.900363982,1896.4,19.96408005,0.000310421,21.10303993,0.0163127
85,85,UNOCCUPIED,OH,2017,Site2021_85,85,85,UNOCCUPIED,OH,2017,Site2021_85,360,2900,173579,1.671258044,28.26000023,-6.949999809,291.0002014,0.409883595,255.1223969,501.6199951,246.3040009,0.907661021,1921,10.17967815,2.72751E-05,16.77814007,0.0309588
132,132,UNOCCUPIED,OH,2017,Site2021_132,132,132,UNOCCUPIED,OH,2017,Site2021_132,360,1700,75684,2.182820625,26.01000023,-6.130000114,567.7609863,0.551536024,305.1347961,491.3462036,173.882196,0.898774219,2127.2,19.47736015,0.000255346,34.5489399,0.0105805
780,780,UNOCCUPIED,OS,2015,Site2021_780,780,780,UNOCCUPIED,OS,2015,Site2021_780,360,3625,254790,1.494818637,27.39999962,-6.460000038,272.822998,0.422356009,275.2156067,511.3317932,236.1455963,0.941873002,1767,6.875191975,7.93219E-05,-24.3331398,0.0142926
543,543,UNOCCUPIED,OH,2019,Site2021_543,543,543,UNOCCUPIED,OH,2019,Site2021_543,370,2150,209753,1.994906304,26.88999939,-7.300000191,262.6019897,0.386788011,253.5319946,506.3481873,252.4861969,0.9390746,1852,7.702490044,3.39389E-05,8.030110073,0.00714628
207,207,OCCUPIED,FH,2021,Site2021_207,207,207,OCCUPIED,FH,2021,Site2021_207,380,1850,173559,2.208705136,25.68000031,-7.360000134,305.7139893,0.386516988,255.5160065,499.787793,242.4868011,0.986745167,2015.4,12.55190992,0.000219059,15.71056023,0.016338
62,62,UNOCCUPIED,OS,2018,Site2021_62,62,62,UNOCCUPIED,OS,2018,Site2021_62,390,2150,89546,2.102739077,25.30999947,-6.559999943,439.1109924,0.450973988,290.6038086,511.7537964,221.1505981,1.003829575,2284.4,12.32441998,0.000148392,64.96142044,0.0511351
99,99,UNOCCUPIED,OH,2018,Site2021_99,99,99,UNOCCUPIED,OH,2018,Site2021_99,390,1975,180193,2.193921407,27.95000076,-6.829999924,257.197998,0.397394001,266.9830017,519.3099976,252.3269959,0.935446024,1853.4,10.18672009,6.39558E-05,33.15756073,0.00318174
664,664,UNOCCUPIED,OH,2019,Site2021_664,664,664,UNOCCUPIED,OH,2019,Site2021_664,390,1975,245448,2.193921407,26.83399963,-6.587999916,279.5599976,0.417212009,269.0012024,492.8111938,223.9941986,0.911443591,1839,7.717098045,0.000598716,4.403831959,0.0141158
203,203,UNOCCUPIED,OH,2019,Site2021_203,203,203,UNOCCUPIED,OH,2019,Site2021_203,400,3075,174960,1.803339269,26.87000084,-6.840000153,288.5889893,0.389811009,325.1700134,451.6934021,150.1669998,0.840561402,1874,15.08393993,0.000198638,13.31111822,0.00752506
473,473,OCCUPIED,FS,2021,Site2021_473,473,473,OCCUPIED,FS,2021,Site2021_473,400,1575,134126,2.519763153,27.68000031,-7.449999809,316.7950134,0.416117996,247.0690002,406.1149902,159.0460052,0.748694003,1892,24.5628006,0.00055418,25.70286026,0.0102523
59,59,UNOCCUPIED,OS,2017,Site2021_59,59,59,UNOCCUPIED,OS,2017,Site2021_59,410,1900,89681,2.351511272,27.09000015,-7.050000191,317.5150146,0.403528005,314.4414063,456.3492004,164.9690002,0.857866812,1948.8,16.63669987,0.00037483,6.127465844,0.00421707
285,285,UNOCCUPIED,OH,2021,Site2021_285,285,285,UNOCCUPIED,OH,2021,Site2021_285,410,3400,110788,1.757860498,26,-6.130000114,400.8671997,0.457076597,285.5240051,510.955603,225.5965973,0.969807208,2017.8,12.4611599,0.000096023,-46.45533981,0.0314891
39,39,OCCUPIED,FH,2021,Site2021_39,39,39,OCCUPIED,FH,2021,Site2021_39,430,2950,183723,1.979235428,27.89999962,-6.599999905,296.1409912,0.408522993,259.2232117,493.1530151,223.4570007,0.906648993,1954.6,8.450756168,7.7331E-05,29.74693985,0.00722204
391,391,UNOCCUPIED,OH,2021,Site2021_391,391,391,UNOCCUPIED,OH,2021,Site2021_391,430,4400,211827,1.620623477,26.38999939,-7.309999943,319.0027954,0.40923661,284.1953979,502.5100098,218.5850067,0.957765996,1871.4,6.365535927,3.41177E-05,-24.01856041,0.0188127
548,548,UNOCCUPIED,OH,2019,Site2021_548,548,548,UNOCCUPIED,OH,2019,Site2021_548,440,3450,190770,1.872764368,26.93000031,-6.449999809,283.0350037,0.394145012,298.4549866,521.266394,222.8114014,0.963660216,1946,13.90848799,0.000123668,44.73059998,0.0013131
649,649,OCCUPIED,FS,2021,Site2021_649,649,649,OCCUPIED,FS,2021,Site2021_649,440,2600,233264,2.157277487,27.00000076,-6.597999954,292.4620056,0.414068997,267.6042053,487.8419983,220.1866028,0.915516984,1861.8,6.221955967,5.28097E-05,-6.824050045,0.00767657
745,745,UNOCCUPIED,OS,2017,Site2021_745,745,745,UNOCCUPIED,OS,2017,Site2021_745,440,2500,303345,2.2,26.37600021,-7.141999912,269.0589905,0.386644989,277.6409973,501.7850037,223.9960052,0.934714806,1977.8,8.810733986,8.25526E-05,27.33863983,0.0319689
372,372,UNOCCUPIED,PU,2015,Site2021_372,372,372,UNOCCUPIED,PU,2015,Site2021_372,450,2700,208367,2.165063509,26.3279995,-6.923999977,293.2479858,0.393238992,269.1570129,515.3460083,246.1889954,0.989687026,1909,7.823398018,2.95162E-05,6.67492609,0.00565642
774,774,UNOCCUPIED,OH,2015,Site2021_774,774,774,UNOCCUPIED,OH,2015,Site2021_774,450,3125,252298,2.01246118,26.32999992,-6.900000095,271.9119873,0.421050012,260.6155945,496.2631897,238.0129974,0.930284989,1855.8,11.86716022,2.85744E-05,3.884132755,0.016742
24,24,UNOCCUPIED,OS,2017,Site2021_24,24,24,UNOCCUPIED,OS,2017,Site2021_24,460,2300,173041,2.397915762,27.78000069,-6.619999886,304.4159851,0.419613004,275.0036011,487.355603,210.9876007,0.863878214,1898.2,6.564933968,1.90615E-05,8.981075859,0.023257
255,255,OCCUPIED,FS,2021,Site2021_255,255,255,OCCUPIED,FS,2021,Site2021_255,470,3700,128615,1.931688101,25.72999954,-8.069999695,341.8940125,0.413798988,251.6393982,484.3679871,232.728598,0.941278577,2073,16.7015007,0.00023098,30.23449974,0.00648974
446,446,UNOCCUPIED,OH,2015,Site2021_446,446,446,UNOCCUPIED,OH,2015,Site2021_446,480,2475,223285,2.412090757,26.43000031,-6.949999809,304.9360046,0.408690989,285.2191895,495.3781982,210.1580048,0.931051183,1895.6,6.567617989,2.75493E-05,-8.035454082,0.0135603
635,635,UNOCCUPIED,OH,2018,Site2021_635,635,635,UNOCCUPIED,OH,2018,Site2021_635,480,3175,287513,2.129655623,26.29999924,-8.119999886,270.1629944,0.40099901,295.5240051,472.2253906,177.9633942,0.90932399,1840.2,5.675755978,5.61357E-05,-15.18273983,0.0115149
597,597,UNOCCUPIED,PU,2019,Site2021_597,597,597,UNOCCUPIED,PU,2019,Site2021_597,490,3200,235576,2.165514517,26.59000015,-7.449999809,257.8460083,0.383082986,261.4129944,524.227002,262.2895935,0.973657203,1847.4,4.904123974,1.45912E-05,10.61950607,0.0299992
561,561,OCCUPIED,FH,2021,Site2021_561,561,561,OCCUPIED,FH,2021,Site2021_561,510,3300,227006,2.219490113,25.98999977,-6.440000057,261.2256104,0.386469406,254.5434021,496.3089905,243.1139984,0.946232021,1931,6.172772026,7.42435E-05,13.06667976,0.020353
798,798,UNOCCUPIED,OH,2015,Site2021_798,798,798,UNOCCUPIED,OH,2015,Site2021_798,510,2650,258110,2.476778949,26.86000061,-6.75,275.7344116,0.430853808,283.817804,437.5679871,153.390799,0.811524594,1827,23.78005981,0.000242639,9.992658138,0.0163885
77,77,UNOCCUPIED,OS,2018,Site2021_77,77,77,UNOCCUPIED,OS,2018,Site2021_77,520,3900,141107,2.081665999,28.19000053,-6.440000057,312.8680115,0.417070001,284.3346008,519.7976013,233.8865997,0.887874007,1852.2,19.34670048,0.000958013,7.265950012,0.0728012
161,161,UNOCCUPIED,OH,2015,Site2021_161,161,161,UNOCCUPIED,OH,2015,Site2021_161,520,3225,148569,2.289172356,27.09000015,-6.980000019,299.04599,0.404484987,295.8963928,463.0564026,165.822995,0.892779791,1948.6,9.707301903,0.000105417,-41.94931946,0.0183329
64,64,UNOCCUPIED,OS,2018,Site2021_64,64,64,UNOCCUPIED,OS,2018,Site2021_64,530,2875,95417,2.471137742,25.25,-6.659999847,410.4373962,0.440947801,286.3932068,503.6340027,217.1719971,0.979842007,2300.6,24.24395943,8.73566E-05,75.33280029,0.116537
396,396,UNOCCUPIED,OS,2015,Site2021_396,396,396,UNOCCUPIED,OS,2015,Site2021_396,530,3450,184285,2.255829807,23.84000015,-6.610000134,339.5440063,0.402695,276.9116028,459.7570068,177.6392029,0.925797808,2092.2,26.49816017,0.00008955,-28.82630005,0.0166915
94,94,UNOCCUPIED,OS,2017,Site2021_94,94,94,UNOCCUPIED,OS,2017,Site2021_94,550,6100,176157,1.760507099,28.97999954,-7.210000038,268.4100037,0.403483987,253.5814056,505.6011902,250.5273987,0.906714809,1825,12.15706024,8.10863E-05,13.64424171,0.0175753
441,441,UNOCCUPIED,OH,2021,Site2021_441,441,441,UNOCCUPIED,OH,2021,Site2021_441,550,3400,222856,2.358105546,26.43000031,-6.949999809,304.9360046,0.408690989,282.3222107,484.957196,202.6347961,0.925188422,1891,4.645591927,4.5836E-05,-12.42040424,0.0142926
781,781,UNOCCUPIED,OH,2015,Site2021_781,781,781,UNOCCUPIED,OH,2015,Site2021_781,550,3775,253862,2.237918262,27.27000046,-6.510000229,271.9119873,0.421050012,274.1187988,513.986792,243.0183929,0.948899174,1814.6,13.78512001,2.33531E-05,-11.95003986,0.0156562
783,783,UNOCCUPIED,OH,2015,Site2021_783,783,783,UNOCCUPIED,OH,2015,Site2021_783,550,3775,253862,2.237918262,27.27000046,-6.510000229,271.9119873,0.421050012,274.1187988,513.986792,243.0183929,0.948899174,1814.6,13.78512001,2.33531E-05,-11.95003986,0.0156562
93,93,UNOCCUPIED,PU,2017,Site2021_93,93,93,UNOCCUPIED,PU,2017,Site2021_93,560,5175,175412,1.946134531,28.32999992,-6.699999809,278.4519959,0.406789988,256.8940002,508.4727905,251.5788055,0.911725211,1850.6,6.229562092,5.88417E-05,-7.042647934,0.0212873
80,80,UNOCCUPIED,OS,2017,Site2021_80,80,80,UNOCCUPIED,OS,2017,Site2021_80,570,4750,172052,2.067607313,28.60000038,-6.639999866,283.1229858,0.408012986,252.4199982,485.2704102,232.3585999,0.875737214,1863.6,11.74323397,0.000664473,3.846834064,0.0316911
634,634,UNOCCUPIED,OH,2019,Site2021_634,634,634,UNOCCUPIED,OH,2019,Site2021_634,570,2875,282214,2.657638703,25.65999985,-8.529999733,310.1229858,0.415131986,299.6500061,480.8613953,181.3086029,0.932952392,1906.2,10.07456188,9.39607E-05,-26.07139969,0.00843413
806,806,UNOCCUPIED,OH,2015,Site2021_806,806,806,UNOCCUPIED,OH,2015,Site2021_806,570,2700,257592,2.742413779,26.59000015,-6.880000114,271.151001,0.421916008,306.7054016,503.0645935,196.3587952,0.944925404,1856.6,9.912559891,5.41091E-05,-4.173708034,0.0162622
96,96,UNOCCUPIED,OS,2017,Site2021_96,96,96,UNOCCUPIED,OS,2017,Site2021_96,580,4150,176950,2.250836525,28.23999977,-6.760000229,266.6570129,0.403593004,252.7804016,513.9226135,261.1422058,0.914485598,1838.6,14.23456001,0.000144088,9.836548042,0.0171965
472,472,OCCUPIED,FS,2021,Site2021_472,472,472,OCCUPIED,FS,2021,Site2021_472,580,2750,133669,2.765041509,27.03000069,-7.610000134,317.322998,0.416323006,256.3439941,447.6166016,191.2725952,0.823527575,1920.4,23.12012024,0.000941109,33.53502007,0.0114896
784,784,UNOCCUPIED,OH,2015,Site2021_784,784,784,UNOCCUPIED,OH,2015,Site2021_784,630,3325,254072,2.731396404,27.27000046,-6.510000229,271.9119873,0.421050012,301.1008057,480.4692078,180.2550049,0.912493217,1895.8,18.46893997,0.00019561,22.49275932,0.0160602
102,102,UNOCCUPIED,OH,2017,Site2021_102,102,102,UNOCCUPIED,OH,2017,Site2021_102,650,3975,180458,2.577417654,27.12000084,-6.960000038,281.6430054,0.389014989,319.9039917,488.45401,168.5500031,0.923215985,1844.4,22.5218605,0.000877166,-13.31478596,0.00406555
290,290,UNOCCUPIED,OH,2021,Site2021_290,290,290,UNOCCUPIED,OH,2021,Site2021_290,650,4775,112809,2.351617467,25.38999939,-6.079999924,444.493988,0.479992986,296.4100037,494.0044006,197.5944,0.962247407,2190,13.46027184,0.000670386,50.48440018,0.0316406
91,91,UNOCCUPIED,OH,2018,Site2021_91,91,91,UNOCCUPIED,OH,2018,Site2021_91,680,4650,180589,2.493000955,28.8579998,-7.390000057,271.5490112,0.405597001,248.4911987,480.9088013,232.4175964,0.847690213,1831,11.39636002,5.83291E-05,16.90137978,0.0103028
611,611,UNOCCUPIED,OS,2018,Site2021_611,611,611,UNOCCUPIED,OS,2018,Site2021_611,680,5250,262183,2.346222902,27.05999947,-7.559999943,241.8580017,0.381893992,265.5029907,505.7589966,240.2563995,0.93761121,1831.2,6.988308048,2.03133E-05,10.02129612,0.0465897
550,550,UNOCCUPIED,OH,2018,Site2021_550,550,550,UNOCCUPIED,OH,2018,Site2021_550,690,5225,202648,2.3864149,27.29999924,-7.550000191,260.137793,0.388402802,289.5090027,500.4665894,210.9571991,0.915889597,1846,8.033111858,3.14832E-05,16.04169979,0.00805535
657,657,OCCUPIED,FH,2021,Site2021_657,657,657,OCCUPIED,FH,2021,Site2021_657,690,4475,236824,2.57865107,26.79000092,-6.559999943,288.105011,0.411733001,286.1417969,485.1941956,200.9391998,0.911186004,1841.4,7.262025833,3.89576E-05,-22.0605999,0.00962097
663,663,UNOCCUPIED,OH,2021,Site2021_663,663,663,UNOCCUPIED,OH,2021,Site2021_663,690,3725,238675,2.826350126,26.54000092,-6.75,284.8770081,0.412512201,267.4736023,462.6095947,194.6777954,0.867859221,1884.4,18.08968048,0.00038228,17.04078026,0.0106563
22,22,UNOCCUPIED,OH,2017,Site2021_22,22,22,UNOCCUPIED,OH,2017,Site2021_22,700,5800,171588,2.297862575,26.43199997,-6.003999996,314.5169983,0.432294995,319.7651978,546.0375854,225.6496002,0.969947803,2094.8,13.68398018,7.69852E-05,65.49568024,0.0191157
660,660,UNOCCUPIED,OH,2021,Site2021_660,660,660,UNOCCUPIED,OH,2021,Site2021_660,720,4550,234942,2.66849754,26.94000092,-6.58399992,288.151001,0.414646,267.5060059,482.6585999,215.1523987,0.898045599,1832.6,6.88791399,2.32458E-05,-10.17645798,0.00722204
464,464,OCCUPIED,FS,2021,Site2021_464,464,464,OCCUPIED,FS,2021,Site2021_464,750,3225,140767,3.301690899,27.44000053,-7.03000021,306.7099915,0.417914003,286.3476074,487.2092041,195.467395,0.887038004,1877.6,20.99251976,0.000453997,31.49967995,0.00446958
758,758,OCCUPIED,FH,2021,Site2021_758,758,758,OCCUPIED,FH,2021,Site2021_758,750,7675,287463,2.140238046,26.19600067,-7.006000042,266.8330078,0.381410003,287.7192017,446.0914001,165.0017944,0.839325213,1933.2,12.62644005,2.44737E-05,34.11129913,0.0541148
430,430,OCCUPIED,FS,2021,Site2021_430,430,430,OCCUPIED,FS,2021,Site2021_430,780,10575,208581,1.896244889,26.96999931,-6.900000095,314.0662537,0.413055211,307.4581604,496.7154541,188.6215393,0.938220131,1870.2,20.5970417,0.001097703,-0.230859375,0.00820686
432,432,OCCUPIED,PC,2021,Site2021_432,432,432,OCCUPIED,PC,2021,Site2021_432,780,10575,208581,1.896244889,26.96999931,-6.900000095,314.0662537,0.413055211,307.4581604,496.7154541,188.6215393,0.938220131,1870.2,20.5970417,0.001097703,-0.230859375,0.00820686
98,98,UNOCCUPIED,OH,2015,Site2021_98,98,98,UNOCCUPIED,OH,2015,Site2021_98,800,5975,178696,2.587384909,28.63400002,-7.246000004,261.5280151,0.404018998,233.5194031,529.1822144,295.6636047,0.919546604,1739.6,12.42938023,0.000123095,-6.259690475,0.0106058
594,594,UNOCCUPIED,OH,2019,Site2021_594,594,594,UNOCCUPIED,OH,2019,Site2021_594,800,15600,228788,1.601281538,27.09666634,-7.596666574,256.875,0.385029197,285.0436147,501.1723328,223.0011597,0.907643338,1798.833333,9.085065564,8.07047E-05,14.31479899,0.0214641
585,585,UNOCCUPIED,OH,2018,Site2021_585,585,585,UNOCCUPIED,OH,2018,Site2021_585,830,4600,266082,3.05942059,26.77000046,-7.059999943,269.3529968,0.376542985,291.7420044,480.5280029,188.7860016,0.898496997,1848.8,6.373091888,7.17759E-05,-0.667577055,0.00479786
632,632,OCCUPIED,FH,2017,Site2021_632,632,632,OCCUPIED,FH,2017,Site2021_632,850,4450,236538,3.185509678,27.04999924,-8.010000229,269.2210083,0.392637014,290.6090088,492.2860107,201.6759949,0.930541992,1851,5.816757965,5.05567E-05,-6.870166111,0.0140653
232,232,UNOCCUPIED,OH,2021,Site2021_232,232,232,UNOCCUPIED,OH,2021,Site2021_232,860,3850,116159,3.465038745,25.86000061,-6.920000076,374.2850037,0.426438987,311.8392029,502.6809998,190.841803,0.970087194,2142.6,21.1847805,0.0004583,36.07533989,0.0033585
278,278,UNOCCUPIED,PU,2021,Site2021_278,278,278,UNOCCUPIED,PU,2021,Site2021_278,860,10350,107746,2.113334705,26.40999985,-6.159999847,378.7174988,0.443237156,332.4701335,523.7094727,191.991394,0.973435998,1971.333333,14.29319255,5.9545E-05,-22.33976237,0.0366405
293,293,UNOCCUPIED,PU,2021,Site2021_293,293,293,UNOCCUPIED,PU,2021,Site2021_293,860,10350,107746,2.113334705,26.40999985,-6.159999847,378.7174988,0.443237156,332.4701335,523.7094727,191.991394,0.973435998,1971.333333,14.29319255,5.9545E-05,-22.33976237,0.0366405
591,591,UNOCCUPIED,OH,2018,Site2021_591,591,591,UNOCCUPIED,OH,2018,Site2021_591,870,4725,266954,3.164159408,26.94000053,-7.309999943,266.4881958,0.37649219,291.7420044,483.8447998,192.1028015,0.904699421,1842.8,6.893840027,6.33478E-05,3.459861612,0.0054039
437,437,UNOCCUPIED,OH,2021,Site2021_437,437,437,UNOCCUPIED,OH,2021,Site2021_437,890,4925,236966,3.170493724,26.26000023,-6.940000057,288.105011,0.411733001,269.8653931,471.852002,202.5774017,0.891202986,1899.4,15.00341988,0.000227833,15.74765968,0.00974723
554,554,UNOCCUPIED,OH,2021,Site2021_554,554,554,UNOCCUPIED,OH,2021,Site2021_554,930,5775,218460,3.059475382,27.35199928,-7.646000004,257.8429871,0.386649996,264.7149963,482.3120056,225.0608002,0.886418784,1831.6,9.023139954,5.6231E-05,10.34550009,0.0182066
25,25,UNOCCUPIED,OS,2017,Site2021_25,25,25,UNOCCUPIED,OS,2017,Site2021_25,940,5525,173458,3.161562132,26.06999969,-6.199999809,334.4534058,0.442054206,322.3454102,538.0650146,214.6138031,0.963311791,2087,18.36074028,5.50508E-05,29.29145966,0.0157067
627,627,UNOCCUPIED,OH,2021,Site2021_627,627,627,UNOCCUPIED,OH,2021,Site2021_627,960,7450,222491,2.780565343,27.15999985,-7.539999962,255.8159943,0.387281001,253.3248047,501.1031921,247.7784027,0.917887807,1819.2,9.836470222,4.62413E-05,21.43600025,0.0210601
402,402,UNOCCUPIED,OH,2020,Site2021_402,402,402,UNOCCUPIED,OH,2020,Site2021_402,970,5100,200769,3.395679204,26.56999969,-7.715999889,327.3720093,0.413722008,273.5483948,463.901001,188.4363983,0.881711197,2029,26.86500015,0.000516677,51.44630051,0.00558067
403,403,UNOCCUPIED,OH,2020,Site2021_403,403,403,UNOCCUPIED,OH,2020,Site2021_403,970,5100,200769,3.395679204,26.56999969,-7.715999889,327.3720093,0.413722008,273.5483948,463.901001,188.4363983,0.881711197,2029,26.86500015,0.000516677,51.44630051,0.00558067
277,277,UNOCCUPIED,PU,2021,Site2021_277,277,277,UNOCCUPIED,PU,2021,Site2021_277,1010,14425,107963,2.102342508,26.40999985,-6.159999847,377.0623108,0.442137474,334.9949341,535.7222168,201.4516815,0.99576453,1973.2,12.5977169,7.06315E-05,-17.93791504,0.0365142
279,279,UNOCCUPIED,PU,2021,Site2021_279,279,279,UNOCCUPIED,PU,2021,Site2021_279,1040,10250,108763,2.568096951,26.95000076,-6.610000134,374.5795288,0.440487951,302.9983826,486.5244446,181.9958496,0.899091721,1946,9.794294357,6.6936E-05,-34.68365479,0.0351759
280,280,UNOCCUPIED,PU,2021,Site2021_280,280,280,UNOCCUPIED,PU,2021,Site2021_280,1040,10250,108763,2.568096951,26.95000076,-6.610000134,374.5795288,0.440487951,302.9983826,486.5244446,181.9958496,0.899091721,1946,9.794294357,6.6936E-05,-34.68365479,0.0351759
491,491,OCCUPIED,"FH, PC",2021,Site2021_491,491,491,OCCUPIED,"FH, PC",2021,Site2021_491,1050,9475,235270,2.696743859,26.1739994,-7.091999912,278.9151978,0.388916993,288.3718018,407.0496033,118.6778015,0.732787776,1874.6,21.47490005,0.000120592,4.168623924,0.0878513
604,604,OCCUPIED,"FS, PC",2019,Site2021_604,604,604,OCCUPIED,"FS, PC",2019,Site2021_604,1100,6775,236752,3.341012066,26.84000015,-7.489999771,254.2266022,0.382976609,284.5983887,522.8250122,237.8695953,0.969644809,1841,6.349528122,4.58241E-05,7.846651936,0.0305295
29,29,UNOCCUPIED,OH,2016,Site2021_29,29,29,UNOCCUPIED,OH,2016,Site2021_29,1110,6275,174719,3.503128937,24.53199997,-7.170000172,480.2539978,0.502036989,276.4001953,466.8839966,189.9208008,0.935013592,2363.6,7.778251886,0.00045203,47.36947937,0.00777758
87,87,UNOCCUPIED,PU,2017,Site2021_87,87,87,UNOCCUPIED,PU,2017,Site2021_87,1110,10725,172704,2.67956525,27.89999962,-7.079999924,299.320015,0.410003036,253.7152824,507.1418839,253.4265938,0.91764845,1928.75,10.72534072,0.000120625,23.37512207,0.0333577
687,687,OCCUPIED,FS,2021,Site2021_687,687,687,OCCUPIED,FS,2021,Site2021_687,1180,12125,232216,2.679051994,26.53000069,-6.659999847,261.8110657,0.407290429,291.5814896,436.43927,143.7229576,0.797925338,1789.5,20.16667843,0.000255629,20.23922729,0.0815636
233,233,UNOCCUPIED,OH,2021,Site2021_233,233,233,UNOCCUPIED,OH,2021,Site2021_233,1200,5850,116443,3.922322703,25.86000061,-6.920000076,374.2850037,0.426438987,310.364801,496.1461914,212.9169983,0.9574754,2149.6,17.47626019,0.000279307,33.37523956,0.00290397
371,371,UNOCCUPIED,OS,2015,Site2021_371,371,371,UNOCCUPIED,OS,2015,Site2021_371,1230,9650,207775,3.130267581,26.54999924,-6.659999847,292.019989,0.392562985,267.9750061,506.5344055,238.9727997,0.963632393,1884.4,9.005369759,6.33121E-05,-6.559911919,0.00563117
603,603,UNOCCUPIED,OH,2019,Site2021_603,603,603,UNOCCUPIED,OH,2019,Site2021_603,1230,9500,236655,3.154883433,26.84000015,-7.489999771,253.8300018,0.383103013,284.9549866,530.9496094,245.9941986,0.984713006,1813.8,6.752349949,3.84331E-05,-5.435815883,0.0304033
605,605,OCCUPIED,FS,2019,Site2021_605,605,605,OCCUPIED,FS,2019,Site2021_605,1230,9500,236655,3.154883433,26.84000015,-7.489999771,253.8300018,0.383103013,284.9549866,530.9496094,245.9941986,0.984713006,1813.8,6.752349949,3.84331E-05,-5.435815883,0.0304033
583,583,OCCUPIED,FH,2021,Site2021_583,583,583,OCCUPIED,FH,2021,Site2021_583,1310,14525,286621,2.71739789,25.81999969,-7.110000134,266.8514709,0.382049412,279.5851364,429.5951691,154.8592949,0.827140778,1938.75,18.9779253,0.000157088,33.45776367,0.0582561
116,116,UNOCCUPIED,OH,2021,Site2021_116,116,116,UNOCCUPIED,OH,2021,Site2021_116,1380,25000,184969,2.181971586,28.25,-7.28000021,277.9631653,0.403086662,242.2487666,529.5950012,285.864329,0.945216646,1863,2.818168998,0.000114431,45.69329834,0.00904018
117,117,UNOCCUPIED,OH,2017,Site2021_117,117,117,UNOCCUPIED,OH,2017,Site2021_117,1380,25000,184969,2.181971586,28.25,-7.28000021,277.9631653,0.403086662,242.2487666,529.5950012,285.864329,0.945216646,1863,2.818168998,0.000114431,45.69329834,0.00904018
84,84,UNOCCUPIED,OH,2017,Site2021_84,84,84,UNOCCUPIED,OH,2017,Site2021_84,1400,13900,173485,2.968661254,28.54000092,-6.739999771,283.1230164,0.408012629,261.2138803,525.0972988,264.9233616,0.935608353,1861.142857,6.277865205,7.58427E-05,5.733555385,0.0261105
308,308,UNOCCUPIED,OH,2021,Site2021_308,308,308,UNOCCUPIED,OH,2021,Site2021_308,1400,8575,225765,3.77964473,26.57999992,-6.809999943,303.3940125,0.408944011,264.6056091,484.247998,218.9153961,0.920772588,1911.6,19.37371998,0.000579119,9.254391527,0.0164642
367,367,UNOCCUPIED,OH,2015,Site2021_367,367,367,UNOCCUPIED,OH,2015,Site2021_367,1410,11225,207571,3.327100706,26.54999924,-6.659999847,292.0202026,0.392562926,266.0735067,499.8839111,233.7573191,0.950981021,1879.666667,10.67744255,9.19302E-05,-7.052001953,0.00545441
148,148,UNOCCUPIED,PU,2016,Site2021_148,148,148,UNOCCUPIED,PU,2016,Site2021_148,1460,11675,68939,3.378037138,27.84000015,-6.510000229,378.5146484,0.473723471,320.3633423,543.2114258,222.8480682,0.961239934,1809,13.35592937,0.000140816,-9.999572754,0.0268428
725,725,UNOCCUPIED,PU,2021,Site2021_725,725,725,UNOCCUPIED,PU,2021,Site2021_725,1610,11125,243724,3.816065978,26.45999908,-6.809999943,277.5989075,0.385478556,290.573967,449.5446548,159.2950745,0.859381109,1914.75,14.41861522,6.91116E-05,-35.60858154,0.0651246
149,149,UNOCCUPIED,OS,2015,Site2021_149,149,149,UNOCCUPIED,OS,2015,Site2021_149,1740,15025,145897,3.548804022,26.27000046,-7.28000021,302.4118347,0.402898222,284.6572876,486.6730303,201.8667951,0.944418984,1987,16.10953522,0.000201651,24.01874651,0.0178531
92,92,UNOCCUPIED,PU,2017,Site2021_92,92,92,UNOCCUPIED,PU,2017,Site2021_92,1800,13175,175322,3.920461577,28.32999992,-6.699999809,268.4098206,0.40348357,260.9453796,532.5878662,271.4874878,0.954965389,1835.8,6.815155172,3.38078E-05,8.195947266,0.0213883
625,625,UNOCCUPIED,OH,2019,Site2021_625,625,625,UNOCCUPIED,OH,2019,Site2021_625,1880,29075,268945,2.756373058,28.05999947,-7.730000019,247.1680145,0.391581267,253.3692932,450.1005554,196.7312744,0.817968607,1768.4,23.8403141,0.000474334,-8.790625,0.0256307
683,683,OCCUPIED,FS,2021,Site2021_683,683,683,OCCUPIED,FS,2021,Site2021_683,2000,19800,232250,3.553345273,26.53000069,-6.659999847,275.776825,0.39208138,291.7987264,435.17394,144.5880025,0.818443875,1846,13.21572598,0.000104924,-9.205546061,0.0860584
469,469,UNOCCUPIED,OH,2014,Site2021_469,469,469,UNOCCUPIED,OH,2014,Site2021_469,2180,14400,135209,4.541666667,27.04000092,-7.079999924,301.6801147,0.415244788,290.8235245,503.6275597,197.849741,0.926763855,1904.5,19.78764892,0.000409104,36.20845032,0.00924219
157,157,UNOCCUPIED,OS,2015,Site2021_157,157,157,UNOCCUPIED,OS,2015,Site2021_157,2200,12150,158245,4.989701328,26.78000069,-6.800000191,296.8069458,0.398685306,317.7650108,518.3296661,200.6368847,0.978920475,1905.375,17.92541873,0.000146374,6.67427063,0.00782808
505,505,OCCUPIED,FH,2021,Site2021_505,505,505,OCCUPIED,FH,2021,Site2021_505,2210,23825,185243,3.579446105,26.11000061,-7.010000229,304.981781,0.396082014,324.3433533,492.5464071,168.3136419,0.957905412,1958.833333,15.04938618,0.000233571,-6.446919759,0.00257569
547,547,UNOCCUPIED,OS,2017,Site2021_547,547,547,UNOCCUPIED,OS,2017,Site2021_547,2360,21975,187520,3.980041218,27.02000046,-6.809999943,287.6520081,0.402939469,268.9333008,524.6148804,255.0358765,0.989601803,1988.8,11.95504017,5.07474E-05,42.18676758,0.00790384
470,470,UNOCCUPIED,OS,2015,Site2021_470,470,470,UNOCCUPIED,OS,2015,Site2021_470,2500,18075,203738,4.648800021,27.44666608,-7.090000153,281.6306763,0.415658623,284.4698588,478.6552327,216.6448568,0.866625488,1771.333333,24.65835317,0.000745157,7.757283529,0.00707053
471,471,UNOCCUPIED,PU,2015,Site2021_471,471,471,UNOCCUPIED,PU,2015,Site2021_471,2500,18075,203738,4.648800021,27.44666608,-7.090000153,281.6306763,0.415658623,284.4698588,478.6552327,216.6448568,0.866625488,1771.333333,24.65835317,0.000745157,7.757283529,0.00707053
275,275,UNOCCUPIED,OS,2021,Site2021_275,275,275,UNOCCUPIED,OS,2021,Site2021_275,2650,21450,54784,4.523475416,27.46999931,-7.179999828,395.7685547,0.470851541,314.2588989,523.2430664,208.9841675,0.930276573,1790,15.84731941,0.000269401,-15.16657715,0.0522209
712,712,UNOCCUPIED,OH,2021,Site2021_712,712,712,UNOCCUPIED,OH,2021,Site2021_712,2650,28025,267464,3.957428453,26,-7.191999817,274.8599609,0.388258618,237.398938,463.1016602,225.8037094,0.896894586,1960.2,17.45318079,0.000227737,14.03132324,0.0116916
714,714,UNOCCUPIED,OH,2021,Site2021_714,714,714,UNOCCUPIED,OH,2021,Site2021_714,2650,28025,267464,3.957428453,26,-7.191999817,274.8599609,0.388258618,237.398938,463.1016602,225.8037094,0.896894586,1960.2,17.45318079,0.000227737,14.03132324,0.0116916
717,717,UNOCCUPIED,PU,2021,Site2021_717,717,717,UNOCCUPIED,PU,2021,Site2021_717,2650,28025,267464,3.957428453,26,-7.191999817,274.8599609,0.388258618,237.398938,463.1016602,225.8037094,0.896894586,1960.2,17.45318079,0.000227737,14.03132324,0.0116916
678,678,OCCUPIED,FS,2021,Site2021_678,678,678,OCCUPIED,FS,2021,Site2021_678,2870,34675,231828,3.853130077,26.53000069,-6.659999847,281.8269959,0.388849735,295.4947327,451.3642517,155.4055176,0.825212157,1833.8,10.25853543,0.000176638,-10.85482178,0.084215
681,681,OCCUPIED,FH,2021,Site2021_681,681,681,OCCUPIED,FH,2021,Site2021_681,2870,34675,231828,3.853130077,26.53000069,-6.659999847,281.8269959,0.388849735,295.4947327,451.3642517,155.4055176,0.825212157,1833.8,10.25853543,0.000176638,-10.85482178,0.084215
151,151,UNOCCUPIED,PU,2015,Site2021_151,151,151,UNOCCUPIED,PU,2015,Site2021_151,2890,31500,144589,4.070826327,26.19695705,-7.079130401,302.2522304,0.403152712,291.9932437,509.9027392,213.1743005,0.965467909,1961,19.40659249,0.000555526,23.31748896,0.0175501
571,571,UNOCCUPIED,OH,2017,Site2021_571,571,571,UNOCCUPIED,OH,2017,Site2021_571,2910,29050,192261,4.26834907,26.75636292,-6.758181659,276.4683228,0.388349712,293.6068393,495.9829934,202.6703852,0.925516389,1872.636364,12.64277922,6.96345E-05,-11.10660067,0.00368678
142,142,OCCUPIED,FH,2021,Site2021_142,142,142,OCCUPIED,FH,2021,Site2021_142,3350,24450,171040,5.35605939,26.51800003,-6.567999935,296.6332855,0.391737357,335.1838837,498.6122253,163.4283279,0.948720372,1898.5,19.058494,0.000492507,-11.62655029,0.0180298
179,179,OCCUPIED,"FH, PC",2021,Site2021_179,179,179,OCCUPIED,"FH, PC",2021,Site2021_179,3350,24450,171040,5.35605939,26.51800003,-6.567999935,296.6332855,0.391737357,335.1838837,498.6122253,163.4283279,0.948720372,1898.5,19.058494,0.000492507,-11.62655029,0.0180298
642,642,UNOCCUPIED,OH,2018,Site2021_642,642,642,UNOCCUPIED,OH,2018,Site2021_642,3460,32750,288892,4.779808039,27.36399956,-7.311999893,229.7644531,0.400939614,268.2839762,476.4647746,208.1807872,0.889217595,1798.066667,17.46007328,9.50019E-05,7.30460612,0.0758567
640,640,UNOCCUPIED,OS,2018,Site2021_640,640,640,UNOCCUPIED,OS,2018,Site2021_640,3540,31600,282612,4.978513962,27.0615384,-7.585384772,235.9659295,0.39709977,268.0535278,477.3830214,209.3294924,0.888875521,1786.307692,8.404490434,9.24835E-05,-6.456383338,0.0679528
144,144,UNOCCUPIED,OS,2015,Site2021_144,144,144,UNOCCUPIED,OS,2015,Site2021_144,3780,55275,168731,4.019457425,27.13666651,-7.078333245,288.5161472,0.397943252,329.8463898,492.343572,163.3446621,0.91457765,1849.888889,19.59644286,0.000294937,-0.622748481,0.0189894
138,138,UNOCCUPIED,OH,2021,Site2021_138,138,138,UNOCCUPIED,OH,2021,Site2021_138,4470,69950,168734,4.225262278,27.13055515,-7.077777677,287.4450955,0.398211403,276.3311852,505.1685316,228.4194794,0.936283565,1862.944444,18.89623915,0.000304199,7.245585124,0.0174743
174,174,UNOCCUPIED,OH,2015,Site2021_174,174,174,UNOCCUPIED,OH,2015,Site2021_174,4470,69950,168734,4.225262278,27.13055515,-7.077777677,287.4450955,0.398211403,276.3311852,505.1685316,228.4194794,0.936283565,1862.944444,18.89623915,0.000304199,7.245585124,0.0174743
619,619,UNOCCUPIED,PU,2019,Site2021_619,619,619,UNOCCUPIED,PU,2019,Site2021_619,4670,37675,295615,6.014925585,26.80133349,-6.68599987,254.9297272,0.382080287,277.9863271,469.0717285,191.0854034,0.86763678,1855,13.52296972,0.000126898,27.57648926,0.0377011
623,623,UNOCCUPIED,OH,2018,Site2021_623,623,623,UNOCCUPIED,OH,2018,Site2021_623,7050,71600,267099,6.586771755,28.49238105,-7.609523705,243.7886541,0.390593117,258.2989378,485.0387457,226.7398079,0.881137712,1796.714286,16.32991564,0.00031983,0.205223447,0.0392667
626,626,UNOCCUPIED,OS,2018,Site2021_626,626,626,UNOCCUPIED,OS,2018,Site2021_626,7050,71600,267099,6.586771755,28.49238105,-7.609523705,243.7886541,0.390593117,258.2989378,485.0387457,226.7398079,0.881137712,1796.714286,16.32991564,0.00031983,0.205223447,0.0392667
145,145,OCCUPIED,FH,2021,Site2021_145,145,145,OCCUPIED,FH,2021,Site2021_145,7420,106550,171149,5.682863007,26.65195074,-6.621951231,293.7990842,0.393593352,326.8878233,483.873131,153.8019145,0.917594538,1890.853659,19.08722701,0.000283282,-8.545249381,0.0187116
173,173,OCCUPIED,FH,2021,Site2021_173,173,173,OCCUPIED,FH,2021,Site2021_173,7420,106550,171149,5.682863007,26.65195074,-6.621951231,293.7990842,0.393593352,326.8878233,483.873131,153.8019145,0.917594538,1890.853659,19.08722701,0.000283282,-8.545249381,0.0187116
178,178,OCCUPIED,FH,2021,Site2021_178,178,178,OCCUPIED,FH,2021,Site2021_178,7420,106550,171149,5.682863007,26.65195074,-6.621951231,293.7990842,0.393593352,326.8878233,483.873131,153.8019145,0.917594538,1890.853659,19.08722701,0.000283282,-8.545249381,0.0187116
159,159,UNOCCUPIED,PU,2015,Site2021_159,159,159,UNOCCUPIED,PU,2015,Site2021_159,8060,117075,149118,5.889019159,26.04170757,-7.121951161,297.9404781,0.406721728,291.5568074,467.7852024,176.38529,0.909595764,2044.853659,20.59403187,0.000257031,37.96417385,0.0179541
734,734,UNOCCUPIED,OH,2021,Site2021_734,734,734,UNOCCUPIED,OH,2021,Site2021_734,8580,147950,248267,5.576604075,27.31333302,-7.088636514,272.3867752,0.385133402,278.7533197,388.7413871,109.1263911,0.720331644,1866.560606,29.11089782,0.000214841,-5.575067694,0.060655
735,735,UNOCCUPIED,OH,2021,Site2021_735,735,735,UNOCCUPIED,OH,2021,Site2021_735,8580,147950,248267,5.576604075,27.31333302,-7.088636514,272.3867752,0.385133402,278.7533197,388.7413871,109.1263911,0.720331644,1866.560606,29.11089782,0.000214841,-5.575067694,0.060655
736,736,UNOCCUPIED,PU,2021,Site2021_736,736,736,UNOCCUPIED,PU,2021,Site2021_736,8580,147950,248267,5.576604075,27.31333302,-7.088636514,272.3867752,0.385133402,278.7533197,388.7413871,109.1263911,0.720331644,1866.560606,29.11089782,0.000214841,-5.575067694,0.060655
737,737,UNOCCUPIED,PU,2021,Site2021_737,737,737,UNOCCUPIED,PU,2021,Site2021_737,8580,147950,248267,5.576604075,27.31333302,-7.088636514,272.3867752,0.385133402,278.7533197,388.7413871,109.1263911,0.720331644,1866.560606,29.11089782,0.000214841,-5.575067694,0.060655
739,739,UNOCCUPIED,PU,2021,Site2021_739,739,739,UNOCCUPIED,PU,2021,Site2021_739,8580,147950,248267,5.576604075,27.31333302,-7.088636514,272.3867752,0.385133402,278.7533197,388.7413871,109.1263911,0.720331644,1866.560606,29.11089782,0.000214841,-5.575067694,0.060655
281,281,UNOCCUPIED,PU,2021,Site2021_281,281,281,UNOCCUPIED,PU,2021,Site2021_281,8950,77375,109651,8.043826841,25.99928543,-6.172142693,377.053833,0.442331642,314.1440887,470.39511,154.4687931,0.872860291,2008.25,25.47389936,0.000146932,-12.21805682,0.0340648
282,282,UNOCCUPIED,PU,2021,Site2021_282,282,282,UNOCCUPIED,PU,2021,Site2021_282,8950,77375,109651,8.043826841,25.99928543,-6.172142693,377.053833,0.442331642,314.1440887,470.39511,154.4687931,0.872860291,2008.25,25.47389936,0.000146932,-12.21805682,0.0340648
624,624,UNOCCUPIED,OH,2018,Site2021_624,624,624,UNOCCUPIED,OH,2018,Site2021_624,12880,111200,269545,9.656138317,28.21636356,-7.298181837,238.0167685,0.389192914,249.4265382,474.9328595,225.2101759,0.861940872,1796.484848,14.59038596,0.000202652,12.64807499,0.0494432
614,614,OCCUPIED,FH,2021,Site2021_614,614,614,OCCUPIED,FH,2021,Site2021_614,16730,171000,295828,10.11434805,26.81781821,-6.727090922,257.7750732,0.382263231,282.2846203,439.296334,156.8199887,0.816569844,1852.290909,19.64020935,0.000183434,10.92899281,0.0449989
615,615,UNOCCUPIED,OH,2021,Site2021_615,615,615,UNOCCUPIED,OH,2021,Site2021_615,16730,171000,295828,10.11434805,26.81781821,-6.727090922,257.7750732,0.382263231,282.2846203,439.296334,156.8199887,0.816569844,1852.290909,19.64020935,0.000183434,10.92899281,0.0449989
616,616,UNOCCUPIED,OH,2020,Site2021_616,616,616,UNOCCUPIED,OH,2020,Site2021_616,16730,171000,295828,10.11434805,26.81781821,-6.727090922,257.7750732,0.382263231,282.2846203,439.296334,156.8199887,0.816569844,1852.290909,19.64020935,0.000183434,10.92899281,0.0449989
617,617,UNOCCUPIED,OH,2020,Site2021_617,617,617,UNOCCUPIED,OH,2020,Site2021_617,16730,171000,295828,10.11434805,26.81781821,-6.727090922,257.7750732,0.382263231,282.2846203,439.296334,156.8199887,0.816569844,1852.290909,19.64020935,0.000183434,10.92899281,0.0449989
618,618,UNOCCUPIED,OH,2019,Site2021_618,618,618,UNOCCUPIED,OH,2019,Site2021_618,16730,171000,295828,10.11434805,26.81781821,-6.727090922,257.7750732,0.382263231,282.2846203,439.296334,156.8199887,0.816569844,1852.290909,19.64020935,0.000183434,10.92899281,0.0449989
490,490,UNOCCUPIED,OH,2021,Site2021_490,490,490,UNOCCUPIED,OH,2021,Site2021_490,16810,261750,245244,8.214183054,26.29759979,-6.887333387,277.7691125,0.386118683,282.0928853,432.0600289,150.1856661,0.833221601,1972.946667,23.27370361,0.000251247,-3.225947266,0.0681801
721,721,UNOCCUPIED,OH,2020,Site2021_721,721,721,UNOCCUPIED,OH,2020,Site2021_721,16810,261750,245244,8.214183054,26.29759979,-6.887333387,277.7691125,0.386118683,282.0928853,432.0600289,150.1856661,0.833221601,1972.946667,23.27370361,0.000251247,-3.225947266,0.0681801
723,723,UNOCCUPIED,PU,2021,Site2021_723,723,723,UNOCCUPIED,PU,2021,Site2021_723,16810,261750,245244,8.214183054,26.29759979,-6.887333387,277.7691125,0.386118683,282.0928853,432.0600289,150.1856661,0.833221601,1972.946667,23.27370361,0.000251247,-3.225947266,0.0681801
724,724,UNOCCUPIED,OH,2021,Site2021_724,724,724,UNOCCUPIED,OH,2021,Site2021_724,16810,261750,245244,8.214183054,26.29759979,-6.887333387,277.7691125,0.386118683,282.0928853,432.0600289,150.1856661,0.833221601,1972.946667,23.27370361,0.000251247,-3.225947266,0.0681801
726,726,UNOCCUPIED,OH,2021,Site2021_726,726,726,UNOCCUPIED,OH,2021,Site2021_726,16810,261750,245244,8.214183054,26.29759979,-6.887333387,277.7691125,0.386118683,282.0928853,432.0600289,150.1856661,0.833221601,1972.946667,23.27370361,0.000251247,-3.225947266,0.0681801
727,727,UNOCCUPIED,PU,2021,Site2021_727,727,727,UNOCCUPIED,PU,2021,Site2021_727,16810,261750,245244,8.214183054,26.29759979,-6.887333387,277.7691125,0.386118683,282.0928853,432.0600289,150.1856661,0.833221601,1972.946667,23.27370361,0.000251247,-3.225947266,0.0681801
728,728,UNOCCUPIED,PU,2021,Site2021_728,728,728,UNOCCUPIED,PU,2021,Site2021_728,16810,261750,245244,8.214183054,26.29759979,-6.887333387,277.7691125,0.386118683,282.0928853,432.0600289,150.1856661,0.833221601,1972.946667,23.27370361,0.000251247,-3.225947266,0.0681801
729,729,UNOCCUPIED,PU,2021,Site2021_729,729,729,UNOCCUPIED,PU,2021,Site2021_729,16810,261750,245244,8.214183054,26.29759979,-6.887333387,277.7691125,0.386118683,282.0928853,432.0600289,150.1856661,0.833221601,1972.946667,23.27370361,0.000251247,-3.225947266,0.0681801
730,730,UNOCCUPIED,PU,2021,Site2021_730,730,730,UNOCCUPIED,PU,2021,Site2021_730,16810,261750,245244,8.214183054,26.29759979,-6.887333387,277.7691125,0.386118683,282.0928853,432.0600289,150.1856661,0.833221601,1972.946667,23.27370361,0.000251247,-3.225947266,0.0681801
731,731,UNOCCUPIED,OH,2021,Site2021_731,731,731,UNOCCUPIED,OH,2021,Site2021_731,16810,261750,245244,8.214183054,26.29759979,-6.887333387,277.7691125,0.386118683,282.0928853,432.0600289,150.1856661,0.833221601,1972.946667,23.27370361,0.000251247,-3.225947266,0.0681801
732,732,UNOCCUPIED,OH,2021,Site2021_732,732,732,UNOCCUPIED,OH,2021,Site2021_732,16810,261750,245244,8.214183054,26.29759979,-6.887333387,277.7691125,0.386118683,282.0928853,432.0600289,150.1856661,0.833221601,1972.946667,23.27370361,0.000251247,-3.225947266,0.0681801
733,733,UNOCCUPIED,PU,2021,Site2021_733,733,733,UNOCCUPIED,PU,2021,Site2021_733,16810,261750,245244,8.214183054,26.29759979,-6.887333387,277.7691125,0.386118683,282.0928853,432.0600289,150.1856661,0.833221601,1972.946667,23.27370361,0.000251247,-3.225947266,0.0681801
643,643,UNOCCUPIED,PU,2018,Site2021_643,643,643,UNOCCUPIED,PU,2018,Site2021_643,17190,317800,294293,7.623228524,27.87526791,-7.257321588,218.3217692,0.414654373,247.2569626,485.7245203,238.4675646,0.86656861,1696.196429,14.66136958,0.000123637,-0.223219735,0.0778011
754,754,UNOCCUPIED,OS,2015,Site2021_754,754,754,UNOCCUPIED,OS,2015,Site2021_754,17670,183450,314300,10.31377612,25.7729031,-6.773709605,264.7235009,0.389616973,196.3885417,430.9156012,236.1932602,0.844785888,1954.548387,33.15775936,0.00457002,-0.717692714,0.0302013
755,755,UNOCCUPIED,PU,2015,Site2021_755,755,755,UNOCCUPIED,PU,2015,Site2021_755,17670,183450,314300,10.31377612,25.7729031,-6.773709605,264.7235009,0.389616973,196.3885417,430.9156012,236.1932602,0.844785888,1954.548387,33.15775936,0.00457002,-0.717692714,0.0302013
671,671,OCCUPIED,FS,2021,Site2021_671,671,671,OCCUPIED,FS,2021,Site2021_671,19640,225450,220652,10.34085319,26.57934284,-6.707763264,285.0014444,0.395276733,285.3250801,422.4087388,135.7752382,0.801611991,1963.578947,16.52988249,9.17676E-05,22.49610017,0.0440645
641,641,UNOCCUPIED,OS,2018,Site2021_641,641,641,UNOCCUPIED,OS,2018,Site2021_641,20820,242725,274995,10.56485349,26.91645581,-7.646582338,236.4023196,0.395846385,267.4646707,487.6046398,220.1469396,0.911662369,1814.797468,16.78316128,0.000196973,10.45980178,0.0416656
65,65,UNOCCUPIED,OS,2018,Site2021_65,65,65,UNOCCUPIED,OS,2018,Site2021_65,21620,271850,159130,10.36647321,26.93608661,-5.886739109,302.7088729,0.417391238,286.8214559,506.8560486,218.3505157,0.878743342,2033.152174,14.44618994,9.83619E-05,46.58444745,0.08722
66,66,UNOCCUPIED,PU,2018,Site2021_66,66,66,UNOCCUPIED,PU,2018,Site2021_66,21620,271850,159130,10.36647321,26.93608661,-5.886739109,302.7088729,0.417391238,286.8214559,506.8560486,218.3505157,0.878743342,2033.152174,14.44618994,9.83619E-05,46.58444745,0.08722
67,67,UNOCCUPIED,OS,2018,Site2021_67,67,67,UNOCCUPIED,OS,2018,Site2021_67,21620,271850,159130,10.36647321,26.93608661,-5.886739109,302.7088729,0.417391238,286.8214559,506.8560486,218.3505157,0.878743342,2033.152174,14.44618994,9.83619E-05,46.58444745,0.08722
68,68,UNOCCUPIED,PU,2018,Site2021_68,68,68,UNOCCUPIED,PU,2018,Site2021_68,21620,271850,159130,10.36647321,26.93608661,-5.886739109,302.7088729,0.417391238,286.8214559,506.8560486,218.3505157,0.878743342,2033.152174,14.44618994,9.83619E-05,46.58444745,0.08722
740,740,UNOCCUPIED,OS,2018,Site2021_740,740,740,UNOCCUPIED,OS,2018,Site2021_740,38400,402525,272376,15.13124989,26.13742615,-6.901397106,267.7720752,0.382298184,280.4774239,449.4717194,169.0172532,0.861444831,1886.220588,23.58952711,0.000149689,2.260920805,0.0717659
292,292,UNOCCUPIED,OH,2021,Site2021_292,292,292,UNOCCUPIED,OH,2021,Site2021_292,38920,460175,108157,14.34337423,26.48847425,-6.293559241,367.6213938,0.440676816,329.1716219,503.2274315,173.4883672,0.927271984,1981.757062,26.32356607,0.000384491,-5.315775209,0.0375748
303,303,UNOCCUPIED,PU,2021,Site2021_303,303,303,UNOCCUPIED,PU,2021,Site2021_303,38920,460175,108157,14.34337423,26.48847425,-6.293559241,367.6213938,0.440676816,329.1716219,503.2274315,173.4883672,0.927271984,1981.757062,26.32356607,0.000384491,-5.315775209,0.0375748
304,304,UNOCCUPIED,PU,2021,Site2021_304,304,304,UNOCCUPIED,PU,2021,Site2021_304,38920,460175,108157,14.34337423,26.48847425,-6.293559241,367.6213938,0.440676816,329.1716219,503.2274315,173.4883672,0.927271984,1981.757062,26.32356607,0.000384491,-5.315775209,0.0375748
305,305,UNOCCUPIED,PU,2021,Site2021_305,305,305,UNOCCUPIED,PU,2021,Site2021_305,38920,460175,108157,14.34337423,26.48847425,-6.293559241,367.6213938,0.440676816,329.1716219,503.2274315,173.4883672,0.927271984,1981.757062,26.32356607,0.000384491,-5.315775209,0.0375748
306,306,UNOCCUPIED,PU,2021,Site2021_306,306,306,UNOCCUPIED,PU,2021,Site2021_306,38920,460175,108157,14.34337423,26.48847425,-6.293559241,367.6213938,0.440676816,329.1716219,503.2274315,173.4883672,0.927271984,1981.757062,26.32356607,0.000384491,-5.315775209,0.0375748
307,307,UNOCCUPIED,PU,2021,Site2021_307,307,307,UNOCCUPIED,PU,2021,Site2021_307,38920,460175,108157,14.34337423,26.48847425,-6.293559241,367.6213938,0.440676816,329.1716219,503.2274315,173.4883672,0.927271984,1981.757062,26.32356607,0.000384491,-5.315775209,0.0375748
309,309,UNOCCUPIED,OH,2019,Site2021_309,309,309,UNOCCUPIED,OH,2019,Site2021_309,38920,460175,108157,14.34337423,26.48847425,-6.293559241,367.6213938,0.440676816,329.1716219,503.2274315,173.4883672,0.927271984,1981.757062,26.32356607,0.000384491,-5.315775209,0.0375748
310,310,UNOCCUPIED,OH,2019,Site2021_310,310,310,UNOCCUPIED,OH,2019,Site2021_310,38920,460175,108157,14.34337423,26.48847425,-6.293559241,367.6213938,0.440676816,329.1716219,503.2274315,173.4883672,0.927271984,1981.757062,26.32356607,0.000384491,-5.315775209,0.0375748
492,492,UNOCCUPIED,PU,2021,Site2021_492,492,492,UNOCCUPIED,PU,2021,Site2021_492,42800,495975,241199,15.19336197,26.2246296,-7.038024782,277.9364285,0.387874918,276.9393173,382.2492414,105.3349725,0.724329749,1939.907407,27.52982668,0.000229529,15.70134745,0.0878766
493,493,OCCUPIED,FS,2021,Site2021_493,493,493,OCCUPIED,FS,2021,Site2021_493,42800,495975,241199,15.19336197,26.2246296,-7.038024782,277.9364285,0.387874918,276.9393173,382.2492414,105.3349725,0.724329749,1939.907407,27.52982668,0.000229529,15.70134745,0.0878766
693,693,UNOCCUPIED,PU,2021,Site2021_693,693,693,UNOCCUPIED,PU,2021,Site2021_693,42800,495975,241199,15.19336197,26.2246296,-7.038024782,277.9364285,0.387874918,276.9393173,382.2492414,105.3349725,0.724329749,1939.907407,27.52982668,0.000229529,15.70134745,0.0878766
698,698,UNOCCUPIED,OS,2021,Site2021_698,698,698,UNOCCUPIED,OS,2021,Site2021_698,42800,495975,241199,15.19336197,26.2246296,-7.038024782,277.9364285,0.387874918,276.9393173,382.2492414,105.3349725,0.724329749,1939.907407,27.52982668,0.000229529,15.70134745,0.0878766
699,699,UNOCCUPIED,OH,2021,Site2021_699,699,699,UNOCCUPIED,OH,2021,Site2021_699,42800,495975,241199,15.19336197,26.2246296,-7.038024782,277.9364285,0.387874918,276.9393173,382.2492414,105.3349725,0.724329749,1939.907407,27.52982668,0.000229529,15.70134745,0.0878766
700,700,UNOCCUPIED,PU,2021,Site2021_700,700,700,UNOCCUPIED,PU,2021,Site2021_700,42800,495975,241199,15.19336197,26.2246296,-7.038024782,277.9364285,0.387874918,276.9393173,382.2492414,105.3349725,0.724329749,1939.907407,27.52982668,0.000229529,15.70134745,0.0878766
489,489,OCCUPIED,FS,2020,Site2021_489,489,489,OCCUPIED,FS,2020,Site2021_489,55750,702350,292162,16.63060647,26.20723667,-6.959693049,267.7185144,0.381724655,283.6776721,429.6720513,146.1427151,0.813627207,1876.118421,20.83925892,0.000182996,-8.277409068,0.0681548
612,612,UNOCCUPIED,OH,2021,Site2021_612,612,612,UNOCCUPIED,OH,2021,Site2021_612,55750,702350,292162,16.63060647,26.20723667,-6.959693049,267.7185144,0.381724655,283.6776721,429.6720513,146.1427151,0.813627207,1876.118421,20.83925892,0.000182996,-8.277409068,0.0681548
613,613,OCCUPIED,FH,2021,Site2021_613,613,613,OCCUPIED,FH,2021,Site2021_613,55750,702350,292162,16.63060647,26.20723667,-6.959693049,267.7185144,0.381724655,283.6776721,429.6720513,146.1427151,0.813627207,1876.118421,20.83925892,0.000182996,-8.277409068,0.0681548
741,741,UNOCCUPIED,PU,2019,Site2021_741,741,741,UNOCCUPIED,PU,2019,Site2021_741,55750,702350,292162,16.63060647,26.20723667,-6.959693049,267.7185144,0.381724655,283.6776721,429.6720513,146.1427151,0.813627207,1876.118421,20.83925892,0.000182996,-8.277409068,0.0681548
742,742,UNOCCUPIED,OH,2021,Site2021_742,742,742,UNOCCUPIED,OH,2021,Site2021_742,55750,702350,292162,16.63060647,26.20723667,-6.959693049,267.7185144,0.381724655,283.6776721,429.6720513,146.1427151,0.813627207,1876.118421,20.83925892,0.000182996,-8.277409068,0.0681548
759,759,UNOCCUPIED,OH,2021,Site2021_759,759,759,UNOCCUPIED,OH,2021,Site2021_759,55750,702350,292162,16.63060647,26.20723667,-6.959693049,267.7185144,0.381724655,283.6776721,429.6720513,146.1427151,0.813627207,1876.118421,20.83925892,0.000182996,-8.277409068,0.0681548
761,761,OCCUPIED,FS,2015,Site2021_761,761,761,OCCUPIED,FS,2015,Site2021_761,55750,702350,292162,16.63060647,26.20723667,-6.959693049,267.7185144,0.381724655,283.6776721,429.6720513,146.1427151,0.813627207,1876.118421,20.83925892,0.000182996,-8.277409068,0.0681548
762,762,OCCUPIED,FS,2021,Site2021_762,762,762,OCCUPIED,FS,2021,Site2021_762,55750,702350,292162,16.63060647,26.20723667,-6.959693049,267.7185144,0.381724655,283.6776721,429.6720513,146.1427151,0.813627207,1876.118421,20.83925892,0.000182996,-8.277409068,0.0681548
763,763,OCCUPIED,FS,2015,Site2021_763,763,763,OCCUPIED,FS,2015,Site2021_763,55750,702350,292162,16.63060647,26.20723667,-6.959693049,267.7185144,0.381724655,283.6776721,429.6720513,146.1427151,0.813627207,1876.118421,20.83925892,0.000182996,-8.277409068,0.0681548
764,764,OCCUPIED,FH,2021,Site2021_764,764,764,OCCUPIED,FH,2021,Site2021_764,55750,702350,292162,16.63060647,26.20723667,-6.959693049,267.7185144,0.381724655,283.6776721,429.6720513,146.1427151,0.813627207,1876.118421,20.83925892,0.000182996,-8.277409068,0.0681548
370,370,OCCUPIED,FS,2021,Site2021_370,370,370,OCCUPIED,FS,2021,Site2021_370,91770,1565875,235641,18.33420973,26.37791295,-7.112886916,278.9974051,0.392567943,285.734976,418.5820666,133.1267529,0.792773483,1929.453913,19.74896719,0.000174758,13.36723845,0.063357
494,494,OCCUPIED,FS,2021,Site2021_494,494,494,OCCUPIED,FS,2021,Site2021_494,91770,1565875,235641,18.33420973,26.37791295,-7.112886916,278.9974051,0.392567943,285.734976,418.5820666,133.1267529,0.792773483,1929.453913,19.74896719,0.000174758,13.36723845,0.063357
495,495,OCCUPIED,FS,2021,Site2021_495,495,495,OCCUPIED,FS,2021,Site2021_495,91770,1565875,235641,18.33420973,26.37791295,-7.112886916,278.9974051,0.392567943,285.734976,418.5820666,133.1267529,0.792773483,1929.453913,19.74896719,0.000174758,13.36723845,0.063357
682,682,OCCUPIED,"FH, PC",2021,Site2021_682,682,682,OCCUPIED,"FH, PC",2021,Site2021_682,91770,1565875,235641,18.33420973,26.37791295,-7.112886916,278.9974051,0.392567943,285.734976,418.5820666,133.1267529,0.792773483,1929.453913,19.74896719,0.000174758,13.36723845,0.063357
684,684,OCCUPIED,FS,2021,Site2021_684,684,684,OCCUPIED,FS,2021,Site2021_684,91770,1565875,235641,18.33420973,26.37791295,-7.112886916,278.9974051,0.392567943,285.734976,418.5820666,133.1267529,0.792773483,1929.453913,19.74896719,0.000174758,13.36723845,0.063357
690,690,OCCUPIED,FS,2021,Site2021_690,690,690,OCCUPIED,FS,2021,Site2021_690,91770,1565875,235641,18.33420973,26.37791295,-7.112886916,278.9974051,0.392567943,285.734976,418.5820666,133.1267529,0.792773483,1929.453913,19.74896719,0.000174758,13.36723845,0.063357
691,691,OCCUPIED,FS,2021,Site2021_691,691,691,OCCUPIED,FS,2021,Site2021_691,91770,1565875,235641,18.33420973,26.37791295,-7.112886916,278.9974051,0.392567943,285.734976,418.5820666,133.1267529,0.792773483,1929.453913,19.74896719,0.000174758,13.36723845,0.063357
694,694,UNOCCUPIED,OS,2021,Site2021_694,694,694,UNOCCUPIED,OS,2021,Site2021_694,91770,1565875,235641,18.33420973,26.37791295,-7.112886916,278.9974051,0.392567943,285.734976,418.5820666,133.1267529,0.792773483,1929.453913,19.74896719,0.000174758,13.36723845,0.063357
695,695,OCCUPIED,FS,2018,Site2021_695,695,695,OCCUPIED,FS,2018,Site2021_695,91770,1565875,235641,18.33420973,26.37791295,-7.112886916,278.9974051,0.392567943,285.734976,418.5820666,133.1267529,0.792773483,1929.453913,19.74896719,0.000174758,13.36723845,0.063357
696,696,UNOCCUPIED,OS,2020,Site2021_696,696,696,UNOCCUPIED,OS,2020,Site2021_696,91770,1565875,235641,18.33420973,26.37791295,-7.112886916,278.9974051,0.392567943,285.734976,418.5820666,133.1267529,0.792773483,1929.453913,19.74896719,0.000174758,13.36723845,0.063357
366,366,OCCUPIED,FH,2021,Site2021_366,,,,,,,91770,1565875,235641,18.33420973,26.37791295,-7.112886916,278.9974051,0.392567943,285.734976,418.5820666,133.1267529,0.792773483,1929.453913,19.74896719,0.000174758,13.36723845,0.063357
